timestamp,location,temperature,energy_consumption
2024-01-01 00:00:00,Chennai,21.1,42.27
2024-01-01 01:00:00,Salem,20.8,41.64
2024-01-01 02:00:00,Madurai,21.7,41.88
2024-01-01 03:00:00,Coimbatore,19.6,43.51
2024-01-01 04:00:00,Coimbatore,20.9,42.29
2024-01-01 05:00:00,Salem,23.5,43.99
2024-01-01 06:00:00,Chennai,27.7,69.5
2024-01-01 07:00:00,Madurai,26.1,66.08
2024-01-01 08:00:00,Chennai,28.3,82.54
2024-01-01 09:00:00,Chennai,31.9,92.79
2024-01-01 10:00:00,Madurai,29.8,86.16
2024-01-01 11:00:00,Salem,27.6,71.85
2024-01-01 12:00:00,Madurai,31.5,103.86
2024-01-01 13:00:00,Salem,29.9,82.36
2024-01-01 14:00:00,Madurai,28.5,91.06
2024-01-01 15:00:00,Salem,28.3,75.7
2024-01-01 16:00:00,Madurai,29.4,86.88
2024-01-01 17:00:00,Chennai,28.7,81.64
2024-01-01 18:00:00,Salem,25.3,59.83
2024-01-01 19:00:00,Coimbatore,20.5,56.96
2024-01-01 20:00:00,Madurai,23.9,63.3
2024-01-01 21:00:00,Coimbatore,19.6,48.29
2024-01-01 22:00:00,Chennai,22.1,58.61
2024-01-01 23:00:00,Salem,20.7,40.19
2024-01-02 00:00:00,Salem,21.3,39.51
2024-01-02 01:00:00,Madurai,23.3,40.27
2024-01-02 02:00:00,Coimbatore,20.8,46.57
2024-01-02 03:00:00,Salem,20.8,35.45
2024-01-02 04:00:00,Madurai,23.9,44.43
2024-01-02 05:00:00,Coimbatore,23.1,41.28
2024-01-02 06:00:00,Coimbatore,23.6,59.32
2024-01-02 07:00:00,Chennai,28.5,81.56
2024-01-02 08:00:00,Chennai,30.5,86.98
2024-01-02 09:00:00,Madurai,29.5,88.24
2024-01-02 10:00:00,Salem,28.0,76.65
2024-01-02 11:00:00,Chennai,31.3,106.0
2024-01-02 12:00:00,Salem,30.3,77.63
2024-01-02 13:00:00,Salem,29.3,79.74
2024-01-02 14:00:00,Coimbatore,28.2,77.07
2024-01-02 15:00:00,Madurai,30.3,81.98
2024-01-02 16:00:00,Chennai,29.1,94.13
2024-01-02 17:00:00,Salem,26.7,67.45
2024-01-02 18:00:00,Madurai,26.5,75.42
2024-01-02 19:00:00,Coimbatore,20.7,65.56
2024-01-02 20:00:00,Chennai,26.2,67.59
2024-01-02 21:00:00,Salem,20.4,43.72
2024-01-02 22:00:00,Coimbatore,17.2,43.55
2024-01-02 23:00:00,Salem,18.4,41.57
2024-01-03 00:00:00,Madurai,19.8,37.73
2024-01-03 01:00:00,Salem,19.7,30.99
2024-01-03 02:00:00,Salem,19.8,39.24
2024-01-03 03:00:00,Chennai,23.1,50.91
2024-01-03 04:00:00,Coimbatore,21.7,34.32
2024-01-03 05:00:00,Coimbatore,22.6,41.22
2024-01-03 06:00:00,Coimbatore,23.9,56.01
2024-01-03 07:00:00,Chennai,28.8,80.85
2024-01-03 08:00:00,Madurai,29.2,76.1
2024-01-03 09:00:00,Chennai,28.0,82.76
2024-01-03 10:00:00,Madurai,29.9,87.03
2024-01-03 11:00:00,Madurai,28.2,86.16
2024-01-03 12:00:00,Salem,29.5,75.82
2024-01-03 13:00:00,Madurai,30.8,89.24
2024-01-03 14:00:00,Coimbatore,29.1,82.9
2024-01-03 15:00:00,Salem,29.5,79.92
2024-01-03 16:00:00,Coimbatore,26.2,72.89
2024-01-03 17:00:00,Coimbatore,24.2,57.61
2024-01-03 18:00:00,Salem,25.1,62.41
2024-01-03 19:00:00,Coimbatore,21.6,60.48
2024-01-03 20:00:00,Chennai,24.5,65.51
2024-01-03 21:00:00,Coimbatore,21.2,47.96
2024-01-03 22:00:00,Salem,19.5,40.69
2024-01-03 23:00:00,Chennai,23.1,46.28
2024-01-04 00:00:00,Coimbatore,19.3,34.71
2024-01-04 01:00:00,Chennai,21.0,50.55
2024-01-04 02:00:00,Madurai,22.8,41.53
2024-01-04 03:00:00,Coimbatore,20.8,35.83
2024-01-04 04:00:00,Coimbatore,21.1,40.53
2024-01-04 05:00:00,Chennai,24.8,59.48
2024-01-04 06:00:00,Madurai,25.0,56.71
2024-01-04 07:00:00,Madurai,26.7,69.47
2024-01-04 08:00:00,Salem,27.7,69.44
2024-01-04 09:00:00,Coimbatore,25.9,70.28
2024-01-04 10:00:00,Chennai,31.9,104.08
2024-01-04 11:00:00,Salem,27.8,78.92
2024-01-04 12:00:00,Madurai,30.8,88.68
2024-01-04 13:00:00,Madurai,31.0,89.63
2024-01-04 14:00:00,Chennai,34.3,108.14
2024-01-04 15:00:00,Coimbatore,25.4,67.39
2024-01-04 16:00:00,Salem,28.8,72.37
2024-01-04 17:00:00,Salem,26.0,64.52
2024-01-04 18:00:00,Coimbatore,24.0,57.56
2024-01-04 19:00:00,Salem,23.4,51.43
2024-01-04 20:00:00,Salem,22.5,48.7
2024-01-04 21:00:00,Coimbatore,19.8,52.11
2024-01-04 22:00:00,Salem,21.9,41.87
2024-01-04 23:00:00,Coimbatore,18.1,49.51
2024-01-05 00:00:00,Chennai,23.4,45.68
2024-01-05 01:00:00,Madurai,20.4,39.35
2024-01-05 02:00:00,Madurai,21.6,42.03
2024-01-05 03:00:00,Chennai,22.2,50.42
2024-01-05 04:00:00,Salem,22.6,42.24
2024-01-05 05:00:00,Chennai,27.5,75.62
2024-01-05 06:00:00,Salem,24.4,45.9
2024-01-05 07:00:00,Chennai,28.1,80.44
2024-01-05 08:00:00,Salem,25.7,61.78
2024-01-05 09:00:00,Salem,27.8,64.52
2024-01-05 10:00:00,Salem,26.9,73.46
2024-01-05 11:00:00,Madurai,29.7,93.09
2024-01-05 12:00:00,Coimbatore,28.8,77.59
2024-01-05 13:00:00,Madurai,32.4,97.69
2024-01-05 14:00:00,Coimbatore,31.2,81.62
2024-01-05 15:00:00,Salem,27.3,68.24
2024-01-05 16:00:00,Madurai,30.2,92.6
2024-01-05 17:00:00,Coimbatore,25.1,63.54
2024-01-05 18:00:00,Madurai,25.8,65.78
2024-01-05 19:00:00,Madurai,25.2,65.88
2024-01-05 20:00:00,Chennai,24.6,61.79
2024-01-05 21:00:00,Chennai,23.6,55.52
2024-01-05 22:00:00,Chennai,22.2,56.03
2024-01-05 23:00:00,Chennai,20.5,44.98
2024-01-06 00:00:00,Coimbatore,16.7,31.38
2024-01-06 01:00:00,Madurai,22.0,41.13
2024-01-06 02:00:00,Madurai,21.4,45.89
2024-01-06 03:00:00,Coimbatore,19.3,44.35
2024-01-06 04:00:00,Salem,22.0,37.84
2024-01-06 05:00:00,Madurai,25.7,60.31
2024-01-06 06:00:00,Chennai,27.2,67.1
2024-01-06 07:00:00,Salem,25.0,62.39
2024-01-06 08:00:00,Madurai,30.0,77.18
2024-01-06 09:00:00,Madurai,31.5,94.96
2024-01-06 10:00:00,Madurai,30.9,87.56
2024-01-06 11:00:00,Madurai,32.0,103.43
2024-01-06 12:00:00,Chennai,33.5,108.42
2024-01-06 13:00:00,Madurai,32.2,93.02
2024-01-06 14:00:00,Salem,29.6,79.31
2024-01-06 15:00:00,Coimbatore,27.8,80.0
2024-01-06 16:00:00,Madurai,29.1,89.1
2024-01-06 17:00:00,Chennai,27.0,81.21
2024-01-06 18:00:00,Coimbatore,24.4,60.92
2024-01-06 19:00:00,Coimbatore,20.6,59.15
2024-01-06 20:00:00,Salem,21.1,50.49
2024-01-06 21:00:00,Chennai,25.1,55.75
2024-01-06 22:00:00,Coimbatore,20.2,39.82
2024-01-06 23:00:00,Coimbatore,20.5,40.56
2024-01-07 00:00:00,Salem,19.2,37.86
2024-01-07 01:00:00,Salem,18.3,39.98
2024-01-07 02:00:00,Chennai,22.4,50.13
2024-01-07 03:00:00,Chennai,23.6,50.54
2024-01-07 04:00:00,Salem,22.1,43.5
2024-01-07 05:00:00,Chennai,27.1,63.37
2024-01-07 06:00:00,Salem,24.1,47.71
2024-01-07 07:00:00,Coimbatore,25.2,54.43
2024-01-07 08:00:00,Salem,25.8,56.28
2024-01-07 09:00:00,Coimbatore,27.6,73.5
2024-01-07 10:00:00,Coimbatore,27.9,76.32
2024-01-07 11:00:00,Madurai,30.0,91.73
2024-01-07 12:00:00,Chennai,31.7,102.48
2024-01-07 13:00:00,Madurai,30.6,92.93
2024-01-07 14:00:00,Madurai,30.0,91.91
2024-01-07 15:00:00,Salem,30.2,82.39
2024-01-07 16:00:00,Salem,26.9,72.5
2024-01-07 17:00:00,Madurai,27.0,73.59
2024-01-07 18:00:00,Coimbatore,21.0,60.94
2024-01-07 19:00:00,Coimbatore,21.2,58.79
2024-01-07 20:00:00,Coimbatore,20.7,49.28
2024-01-07 21:00:00,Salem,20.2,45.61
2024-01-07 22:00:00,Coimbatore,20.9,40.58
2024-01-07 23:00:00,Chennai,22.0,47.52
2024-01-08 00:00:00,Coimbatore,20.1,30.5
2024-01-08 01:00:00,Chennai,22.3,50.57
2024-01-08 02:00:00,Chennai,22.8,51.27
2024-01-08 03:00:00,Chennai,23.4,51.54
2024-01-08 04:00:00,Salem,22.0,48.39
2024-01-08 05:00:00,Madurai,26.8,59.32
2024-01-08 06:00:00,Madurai,23.3,67.13
2024-01-08 07:00:00,Coimbatore,22.4,52.98
2024-01-08 08:00:00,Madurai,27.9,76.01
2024-01-08 09:00:00,Chennai,30.6,90.17
2024-01-08 10:00:00,Salem,29.7,80.83
2024-01-08 11:00:00,Madurai,31.4,96.8
2024-01-08 12:00:00,Salem,29.1,79.52
2024-01-08 13:00:00,Chennai,33.1,112.07
2024-01-08 14:00:00,Coimbatore,29.1,82.76
2024-01-08 15:00:00,Madurai,29.8,89.36
2024-01-08 16:00:00,Coimbatore,27.2,70.17
2024-01-08 17:00:00,Coimbatore,25.2,67.4
2024-01-08 18:00:00,Chennai,26.4,76.6
2024-01-08 19:00:00,Coimbatore,23.1,53.68
2024-01-08 20:00:00,Chennai,24.7,61.09
2024-01-08 21:00:00,Coimbatore,20.0,58.09
2024-01-08 22:00:00,Madurai,23.5,47.02
2024-01-08 23:00:00,Madurai,18.3,38.79
2024-01-09 00:00:00,Madurai,19.3,37.21
2024-01-09 01:00:00,Coimbatore,17.3,35.3
2024-01-09 02:00:00,Salem,19.8,37.2
2024-01-09 03:00:00,Chennai,23.2,51.61
2024-01-09 04:00:00,Coimbatore,19.2,45.21
2024-01-09 05:00:00,Chennai,24.6,55.46
2024-01-09 06:00:00,Coimbatore,22.5,51.36
2024-01-09 07:00:00,Salem,28.8,63.74
2024-01-09 08:00:00,Coimbatore,28.2,68.47
2024-01-09 09:00:00,Salem,27.6,66.49
2024-01-09 10:00:00,Coimbatore,27.4,69.23
2024-01-09 11:00:00,Madurai,29.5,91.63
2024-01-09 12:00:00,Coimbatore,26.3,75.77
2024-01-09 13:00:00,Coimbatore,28.2,83.19
2024-01-09 14:00:00,Salem,27.7,75.48
2024-01-09 15:00:00,Salem,28.0,78.62
2024-01-09 16:00:00,Coimbatore,24.1,56.84
2024-01-09 17:00:00,Salem,24.9,66.22
2024-01-09 18:00:00,Coimbatore,23.7,60.17
2024-01-09 19:00:00,Madurai,25.2,67.47
2024-01-09 20:00:00,Salem,22.5,51.48
2024-01-09 21:00:00,Coimbatore,18.4,43.45
2024-01-09 22:00:00,Madurai,22.7,42.08
2024-01-09 23:00:00,Coimbatore,17.8,36.77
2024-01-10 00:00:00,Chennai,22.8,47.26
2024-01-10 01:00:00,Chennai,22.2,48.27
2024-01-10 02:00:00,Coimbatore,17.6,31.54
2024-01-10 03:00:00,Salem,20.6,33.47
2024-01-10 04:00:00,Chennai,25.0,52.81
2024-01-10 05:00:00,Coimbatore,23.0,44.69
2024-01-10 06:00:00,Madurai,25.9,55.63
2024-01-10 07:00:00,Chennai,30.2,78.04
2024-01-10 08:00:00,Madurai,29.8,77.78
2024-01-10 09:00:00,Coimbatore,26.8,69.95
2024-01-10 10:00:00,Salem,29.8,74.94
2024-01-10 11:00:00,Madurai,33.2,98.75
2024-01-10 12:00:00,Madurai,33.4,104.97
2024-01-10 13:00:00,Chennai,30.4,91.12
2024-01-10 14:00:00,Coimbatore,26.8,73.62
2024-01-10 15:00:00,Salem,29.9,85.7
2024-01-10 16:00:00,Chennai,28.3,85.65
2024-01-10 17:00:00,Salem,24.3,58.55
2024-01-10 18:00:00,Coimbatore,23.0,64.11
2024-01-10 19:00:00,Madurai,25.3,64.05
2024-01-10 20:00:00,Madurai,23.4,61.38
2024-01-10 21:00:00,Coimbatore,19.2,49.12
2024-01-10 22:00:00,Coimbatore,18.4,41.7
2024-01-10 23:00:00,Madurai,20.4,46.54
2024-01-11 00:00:00,Chennai,21.0,46.28
2024-01-11 01:00:00,Madurai,24.0,44.59
2024-01-11 02:00:00,Chennai,23.1,44.82
2024-01-11 03:00:00,Madurai,23.6,44.56
2024-01-11 04:00:00,Madurai,23.0,47.25
2024-01-11 05:00:00,Chennai,25.6,64.05
2024-01-11 06:00:00,Salem,23.7,43.9
2024-01-11 07:00:00,Coimbatore,21.7,57.95
2024-01-11 08:00:00,Salem,25.4,61.86
2024-01-11 09:00:00,Chennai,28.4,79.46
2024-01-11 10:00:00,Chennai,28.7,92.97
2024-01-11 11:00:00,Coimbatore,27.0,83.31
2024-01-11 12:00:00,Chennai,33.7,110.7
2024-01-11 13:00:00,Coimbatore,28.3,85.31
2024-01-11 14:00:00,Madurai,32.0,96.43
2024-01-11 15:00:00,Chennai,31.1,90.79
2024-01-11 16:00:00,Madurai,29.5,78.79
2024-01-11 17:00:00,Chennai,27.3,83.47
2024-01-11 18:00:00,Chennai,27.7,78.93
2024-01-11 19:00:00,Madurai,25.7,62.9
2024-01-11 20:00:00,Salem,21.4,49.71
2024-01-11 21:00:00,Chennai,24.2,60.5
2024-01-11 22:00:00,Coimbatore,19.9,37.26
2024-01-11 23:00:00,Salem,19.1,35.83
2024-01-12 00:00:00,Salem,18.2,39.04
2024-01-12 01:00:00,Madurai,19.8,36.21
2024-01-12 02:00:00,Coimbatore,19.4,40.49
2024-01-12 03:00:00,Coimbatore,20.4,37.45
2024-01-12 04:00:00,Madurai,22.6,49.68
2024-01-12 05:00:00,Madurai,24.8,58.07
2024-01-12 06:00:00,Coimbatore,24.3,53.93
2024-01-12 07:00:00,Chennai,29.1,83.84
2024-01-12 08:00:00,Chennai,31.4,86.59
2024-01-12 09:00:00,Salem,29.7,81.34
2024-01-12 10:00:00,Coimbatore,26.7,68.33
2024-01-12 11:00:00,Coimbatore,30.4,86.29
2024-01-12 12:00:00,Coimbatore,27.9,79.17
2024-01-12 13:00:00,Salem,30.7,87.22
2024-01-12 14:00:00,Chennai,31.5,100.83
2024-01-12 15:00:00,Chennai,30.1,90.86
2024-01-12 16:00:00,Coimbatore,23.9,58.17
2024-01-12 17:00:00,Coimbatore,24.7,67.62
2024-01-12 18:00:00,Madurai,24.2,65.84
2024-01-12 19:00:00,Coimbatore,23.5,60.72
2024-01-12 20:00:00,Coimbatore,22.9,51.78
2024-01-12 21:00:00,Salem,20.1,39.78
2024-01-12 22:00:00,Chennai,23.1,56.94
2024-01-12 23:00:00,Madurai,20.4,43.14
2024-01-13 00:00:00,Madurai,20.3,41.37
2024-01-13 01:00:00,Coimbatore,19.7,32.92
2024-01-13 02:00:00,Salem,20.2,41.59
2024-01-13 03:00:00,Coimbatore,22.2,35.89
2024-01-13 04:00:00,Salem,21.5,39.15
2024-01-13 05:00:00,Coimbatore,23.5,46.55
2024-01-13 06:00:00,Madurai,26.2,57.67
2024-01-13 07:00:00,Madurai,28.3,73.97
2024-01-13 08:00:00,Salem,26.6,70.28
2024-01-13 09:00:00,Coimbatore,27.1,68.6
2024-01-13 10:00:00,Coimbatore,27.8,76.84
2024-01-13 11:00:00,Chennai,30.9,85.86
2024-01-13 12:00:00,Coimbatore,29.4,82.78
2024-01-13 13:00:00,Salem,30.2,82.43
2024-01-13 14:00:00,Chennai,32.1,98.13
2024-01-13 15:00:00,Salem,30.0,86.24
2024-01-13 16:00:00,Madurai,30.3,87.42
2024-01-13 17:00:00,Chennai,27.9,83.66
2024-01-13 18:00:00,Coimbatore,24.0,57.95
2024-01-13 19:00:00,Madurai,24.1,53.77
2024-01-13 20:00:00,Coimbatore,21.1,47.43
2024-01-13 21:00:00,Chennai,22.8,61.25
2024-01-13 22:00:00,Madurai,23.7,39.64
2024-01-13 23:00:00,Madurai,21.7,41.56
2024-01-14 00:00:00,Chennai,21.9,43.4
2024-01-14 01:00:00,Coimbatore,20.2,42.49
2024-01-14 02:00:00,Chennai,20.2,50.08
2024-01-14 03:00:00,Madurai,20.2,42.16
2024-01-14 04:00:00,Madurai,24.6,54.64
2024-01-14 05:00:00,Madurai,24.9,51.04
2024-01-14 06:00:00,Salem,24.9,54.92
2024-01-14 07:00:00,Salem,24.3,47.41
2024-01-14 08:00:00,Coimbatore,26.1,68.53
2024-01-14 09:00:00,Chennai,33.1,98.14
2024-01-14 10:00:00,Madurai,31.4,87.67
2024-01-14 11:00:00,Salem,29.6,79.83
2024-01-14 12:00:00,Salem,29.1,81.09
2024-01-14 13:00:00,Chennai,31.5,97.86
2024-01-14 14:00:00,Chennai,28.9,93.38
2024-01-14 15:00:00,Chennai,31.0,94.79
2024-01-14 16:00:00,Chennai,30.6,97.17
2024-01-14 17:00:00,Madurai,25.5,73.46
2024-01-14 18:00:00,Madurai,25.3,68.38
2024-01-14 19:00:00,Coimbatore,20.9,54.35
2024-01-14 20:00:00,Coimbatore,20.0,52.57
2024-01-14 21:00:00,Salem,21.1,47.6
2024-01-14 22:00:00,Coimbatore,16.8,51.32
2024-01-14 23:00:00,Salem,20.5,41.38
2024-01-15 00:00:00,Salem,20.5,36.9
2024-01-15 01:00:00,Coimbatore,18.5,47.87
2024-01-15 02:00:00,Chennai,19.8,49.07
2024-01-15 03:00:00,Salem,19.9,39.33
2024-01-15 04:00:00,Madurai,25.1,53.84
2024-01-15 05:00:00,Coimbatore,19.0,42.08
2024-01-15 06:00:00,Madurai,25.7,58.67
2024-01-15 07:00:00,Madurai,26.0,63.26
2024-01-15 08:00:00,Salem,28.1,71.22
2024-01-15 09:00:00,Coimbatore,26.4,67.63
2024-01-15 10:00:00,Salem,29.4,78.93
2024-01-15 11:00:00,Salem,30.1,86.64
2024-01-15 12:00:00,Chennai,34.3,112.07
2024-01-15 13:00:00,Chennai,31.7,99.84
2024-01-15 14:00:00,Madurai,30.9,89.88
2024-01-15 15:00:00,Chennai,28.9,94.94
2024-01-15 16:00:00,Coimbatore,27.6,78.18
2024-01-15 17:00:00,Coimbatore,24.0,55.46
2024-01-15 18:00:00,Salem,24.0,56.21
2024-01-15 19:00:00,Salem,23.3,54.78
2024-01-15 20:00:00,Chennai,22.8,65.07
2024-01-15 21:00:00,Salem,21.4,49.04
2024-01-15 22:00:00,Chennai,24.0,54.21
2024-01-15 23:00:00,Madurai,21.7,46.96
2024-01-16 00:00:00,Salem,17.7,33.26
2024-01-16 01:00:00,Salem,19.7,30.82
2024-01-16 02:00:00,Chennai,23.7,45.96
2024-01-16 03:00:00,Salem,18.9,37.47
2024-01-16 04:00:00,Chennai,23.4,52.36
2024-01-16 05:00:00,Madurai,25.9,49.66
2024-01-16 06:00:00,Coimbatore,24.0,48.41
2024-01-16 07:00:00,Coimbatore,25.4,58.59
2024-01-16 08:00:00,Chennai,31.9,91.67
2024-01-16 09:00:00,Salem,28.7,72.7
2024-01-16 10:00:00,Coimbatore,28.8,80.41
2024-01-16 11:00:00,Madurai,34.2,98.1
2024-01-16 12:00:00,Coimbatore,28.4,73.23
2024-01-16 13:00:00,Coimbatore,27.5,75.65
2024-01-16 14:00:00,Salem,29.5,84.14
2024-01-16 15:00:00,Chennai,31.2,104.51
2024-01-16 16:00:00,Madurai,28.0,84.49
2024-01-16 17:00:00,Madurai,26.2,68.06
2024-01-16 18:00:00,Coimbatore,26.4,66.21
2024-01-16 19:00:00,Coimbatore,22.7,57.14
2024-01-16 20:00:00,Chennai,23.8,62.67
2024-01-16 21:00:00,Salem,22.2,47.56
2024-01-16 22:00:00,Salem,20.2,37.41
2024-01-16 23:00:00,Chennai,22.0,49.88
2024-01-17 00:00:00,Chennai,22.8,46.68
2024-01-17 01:00:00,Chennai,20.8,48.81
2024-01-17 02:00:00,Chennai,23.3,43.79
2024-01-17 03:00:00,Salem,23.4,36.01
2024-01-17 04:00:00,Salem,22.7,29.68
2024-01-17 05:00:00,Chennai,25.4,58.11
2024-01-17 06:00:00,Madurai,25.6,58.02
2024-01-17 07:00:00,Chennai,28.0,72.61
2024-01-17 08:00:00,Coimbatore,25.9,64.25
2024-01-17 09:00:00,Madurai,29.3,82.38
2024-01-17 10:00:00,Madurai,31.6,83.38
2024-01-17 11:00:00,Salem,27.4,74.52
2024-01-17 12:00:00,Chennai,33.2,101.38
2024-01-17 13:00:00,Chennai,31.5,101.78
2024-01-17 14:00:00,Coimbatore,28.5,74.76
2024-01-17 15:00:00,Coimbatore,25.9,70.92
2024-01-17 16:00:00,Salem,28.8,75.79
2024-01-17 17:00:00,Salem,27.5,72.3
2024-01-17 18:00:00,Coimbatore,24.8,62.52
2024-01-17 19:00:00,Salem,21.6,53.1
2024-01-17 20:00:00,Coimbatore,22.2,45.81
2024-01-17 21:00:00,Madurai,23.1,46.49
2024-01-17 22:00:00,Coimbatore,17.4,40.74
2024-01-17 23:00:00,Chennai,22.3,49.59
2024-01-18 00:00:00,Salem,20.1,30.57
2024-01-18 01:00:00,Chennai,23.0,48.01
2024-01-18 02:00:00,Chennai,23.1,45.89
2024-01-18 03:00:00,Chennai,24.0,45.53
2024-01-18 04:00:00,Coimbatore,23.0,41.39
2024-01-18 05:00:00,Chennai,27.4,67.9
2024-01-18 06:00:00,Chennai,23.8,61.3
2024-01-18 07:00:00,Madurai,27.1,76.32
2024-01-18 08:00:00,Salem,27.0,62.44
2024-01-18 09:00:00,Chennai,28.6,85.07
2024-01-18 10:00:00,Coimbatore,28.1,77.93
2024-01-18 11:00:00,Madurai,32.5,96.88
2024-01-18 12:00:00,Salem,28.4,75.73
2024-01-18 13:00:00,Madurai,31.4,88.33
2024-01-18 14:00:00,Salem,27.9,73.92
2024-01-18 15:00:00,Madurai,28.9,81.1
2024-01-18 16:00:00,Coimbatore,28.0,69.46
2024-01-18 17:00:00,Chennai,27.8,80.87
2024-01-18 18:00:00,Salem,25.2,57.11
2024-01-18 19:00:00,Salem,21.2,56.45
2024-01-18 20:00:00,Chennai,26.9,73.64
2024-01-18 21:00:00,Madurai,23.4,48.79
2024-01-18 22:00:00,Chennai,22.6,52.03
2024-01-18 23:00:00,Madurai,22.1,37.19
2024-01-19 00:00:00,Salem,18.0,31.02
2024-01-19 01:00:00,Chennai,23.8,47.11
2024-01-19 02:00:00,Coimbatore,19.0,40.31
2024-01-19 03:00:00,Chennai,23.4,46.54
2024-01-19 04:00:00,Madurai,23.1,51.71
2024-01-19 05:00:00,Salem,22.7,38.06
2024-01-19 06:00:00,Chennai,28.0,67.81
2024-01-19 07:00:00,Coimbatore,25.3,60.88
2024-01-19 08:00:00,Salem,28.0,75.0
2024-01-19 09:00:00,Coimbatore,27.2,72.86
2024-01-19 10:00:00,Chennai,32.2,99.18
2024-01-19 11:00:00,Coimbatore,28.0,68.79
2024-01-19 12:00:00,Madurai,33.9,94.25
2024-01-19 13:00:00,Madurai,29.2,88.0
2024-01-19 14:00:00,Coimbatore,29.6,81.97
2024-01-19 15:00:00,Salem,29.9,77.17
2024-01-19 16:00:00,Madurai,27.7,80.67
2024-01-19 17:00:00,Coimbatore,27.7,74.19
2024-01-19 18:00:00,Salem,25.9,67.32
2024-01-19 19:00:00,Salem,24.6,56.58
2024-01-19 20:00:00,Coimbatore,21.2,56.87
2024-01-19 21:00:00,Chennai,23.4,57.43
2024-01-19 22:00:00,Madurai,21.6,47.61
2024-01-19 23:00:00,Madurai,21.9,48.88
2024-01-20 00:00:00,Chennai,23.9,41.09
2024-01-20 01:00:00,Madurai,21.6,51.77
2024-01-20 02:00:00,Salem,19.3,36.51
2024-01-20 03:00:00,Chennai,24.7,53.16
2024-01-20 04:00:00,Madurai,24.8,52.16
2024-01-20 05:00:00,Chennai,26.7,72.27
2024-01-20 06:00:00,Madurai,27.1,68.09
2024-01-20 07:00:00,Coimbatore,24.7,49.71
2024-01-20 08:00:00,Chennai,28.6,87.85
2024-01-20 09:00:00,Salem,27.2,67.52
2024-01-20 10:00:00,Chennai,29.6,91.45
2024-01-20 11:00:00,Madurai,31.3,88.02
2024-01-20 12:00:00,Chennai,32.1,103.68
2024-01-20 13:00:00,Salem,29.0,77.24
2024-01-20 14:00:00,Madurai,27.0,80.48
2024-01-20 15:00:00,Salem,26.8,70.54
2024-01-20 16:00:00,Coimbatore,27.6,82.79
2024-01-20 17:00:00,Coimbatore,24.2,70.46
2024-01-20 18:00:00,Madurai,26.7,73.29
2024-01-20 19:00:00,Salem,21.8,54.37
2024-01-20 20:00:00,Salem,24.0,48.47
2024-01-20 21:00:00,Chennai,23.5,61.82
2024-01-20 22:00:00,Madurai,22.3,46.76
2024-01-20 23:00:00,Chennai,25.2,51.78
2024-01-21 00:00:00,Coimbatore,20.6,38.91
2024-01-21 01:00:00,Salem,19.6,31.36
2024-01-21 02:00:00,Coimbatore,18.7,36.86
2024-01-21 03:00:00,Salem,20.8,31.07
2024-01-21 04:00:00,Coimbatore,21.9,45.32
2024-01-21 05:00:00,Chennai,25.8,69.64
2024-01-21 06:00:00,Coimbatore,23.3,52.89
2024-01-21 07:00:00,Madurai,29.3,81.69
2024-01-21 08:00:00,Salem,27.1,62.05
2024-01-21 09:00:00,Madurai,32.6,94.11
2024-01-21 10:00:00,Salem,29.2,73.97
2024-01-21 11:00:00,Salem,31.7,86.5
2024-01-21 12:00:00,Salem,30.2,86.59
2024-01-21 13:00:00,Madurai,32.2,97.49
2024-01-21 14:00:00,Coimbatore,27.2,70.07
2024-01-21 15:00:00,Coimbatore,26.3,66.82
2024-01-21 16:00:00,Chennai,30.3,88.2
2024-01-21 17:00:00,Coimbatore,26.2,70.9
2024-01-21 18:00:00,Salem,24.8,68.28
2024-01-21 19:00:00,Coimbatore,20.9,61.57
2024-01-21 20:00:00,Chennai,23.1,54.38
2024-01-21 21:00:00,Madurai,21.0,58.09
2024-01-21 22:00:00,Salem,18.3,44.82
2024-01-21 23:00:00,Salem,20.1,31.44
2024-01-22 00:00:00,Coimbatore,20.1,33.79
2024-01-22 01:00:00,Coimbatore,18.9,39.89
2024-01-22 02:00:00,Madurai,19.2,44.21
2024-01-22 03:00:00,Chennai,23.5,44.16
2024-01-22 04:00:00,Coimbatore,21.1,44.94
2024-01-22 05:00:00,Chennai,28.5,61.97
2024-01-22 06:00:00,Salem,23.0,47.11
2024-01-22 07:00:00,Madurai,27.1,73.36
2024-01-22 08:00:00,Salem,29.3,72.55
2024-01-22 09:00:00,Salem,28.9,72.33
2024-01-22 10:00:00,Salem,29.8,83.22
2024-01-22 11:00:00,Chennai,32.3,105.23
2024-01-22 12:00:00,Salem,30.2,88.74
2024-01-22 13:00:00,Chennai,33.0,108.14
2024-01-22 14:00:00,Coimbatore,27.1,79.73
2024-01-22 15:00:00,Madurai,30.9,94.73
2024-01-22 16:00:00,Coimbatore,24.6,66.55
2024-01-22 17:00:00,Chennai,29.0,88.25
2024-01-22 18:00:00,Chennai,27.5,79.71
2024-01-22 19:00:00,Salem,22.7,49.27
2024-01-22 20:00:00,Coimbatore,21.3,48.14
2024-01-22 21:00:00,Coimbatore,19.5,46.27
2024-01-22 22:00:00,Salem,19.2,42.04
2024-01-22 23:00:00,Chennai,22.0,55.39
2024-01-23 00:00:00,Salem,18.5,32.83
2024-01-23 01:00:00,Salem,20.4,37.53
2024-01-23 02:00:00,Madurai,20.6,46.33
2024-01-23 03:00:00,Chennai,24.6,50.39
2024-01-23 04:00:00,Chennai,23.4,54.88
2024-01-23 05:00:00,Coimbatore,21.8,45.14
2024-01-23 06:00:00,Madurai,25.6,65.41
2024-01-23 07:00:00,Chennai,30.2,86.27
2024-01-23 08:00:00,Coimbatore,26.7,61.39
2024-01-23 09:00:00,Chennai,30.6,92.41
2024-01-23 10:00:00,Madurai,31.2,97.73
2024-01-23 11:00:00,Chennai,29.6,91.97
2024-01-23 12:00:00,Madurai,31.3,95.81
2024-01-23 13:00:00,Chennai,34.5,111.63
2024-01-23 14:00:00,Chennai,31.8,96.3
2024-01-23 15:00:00,Chennai,30.9,98.84
2024-01-23 16:00:00,Salem,28.0,68.79
2024-01-23 17:00:00,Chennai,29.7,87.63
2024-01-23 18:00:00,Coimbatore,21.4,63.76
2024-01-23 19:00:00,Madurai,23.0,62.54
2024-01-23 20:00:00,Madurai,24.1,56.06
2024-01-23 21:00:00,Madurai,21.9,54.19
2024-01-23 22:00:00,Salem,22.1,40.83
2024-01-23 23:00:00,Coimbatore,18.6,39.67
2024-01-24 00:00:00,Salem,17.5,35.63
2024-01-24 01:00:00,Coimbatore,17.5,32.6
2024-01-24 02:00:00,Salem,17.2,35.17
2024-01-24 03:00:00,Madurai,22.5,43.14
2024-01-24 04:00:00,Madurai,23.6,41.16
2024-01-24 05:00:00,Salem,23.0,40.44
2024-01-24 06:00:00,Salem,26.1,60.99
2024-01-24 07:00:00,Salem,27.6,64.94
2024-01-24 08:00:00,Madurai,28.6,71.94
2024-01-24 09:00:00,Chennai,28.3,78.24
2024-01-24 10:00:00,Coimbatore,28.9,78.33
2024-01-24 11:00:00,Chennai,32.8,109.18
2024-01-24 12:00:00,Salem,30.2,82.75
2024-01-24 13:00:00,Chennai,33.3,110.83
2024-01-24 14:00:00,Chennai,30.3,97.05
2024-01-24 15:00:00,Chennai,33.3,106.36
2024-01-24 16:00:00,Madurai,27.7,75.06
2024-01-24 17:00:00,Madurai,28.5,85.04
2024-01-24 18:00:00,Salem,22.8,56.12
2024-01-24 19:00:00,Coimbatore,21.4,59.57
2024-01-24 20:00:00,Coimbatore,23.2,48.7
2024-01-24 21:00:00,Chennai,23.5,58.11
2024-01-24 22:00:00,Chennai,24.0,54.48
2024-01-24 23:00:00,Coimbatore,19.3,39.01
2024-01-25 00:00:00,Salem,19.7,34.62
2024-01-25 01:00:00,Madurai,23.2,39.45
2024-01-25 02:00:00,Salem,20.3,32.41
2024-01-25 03:00:00,Chennai,21.7,55.82
2024-01-25 04:00:00,Chennai,23.9,56.7
2024-01-25 05:00:00,Salem,24.2,41.71
2024-01-25 06:00:00,Chennai,27.8,74.43
2024-01-25 07:00:00,Chennai,26.8,69.87
2024-01-25 08:00:00,Coimbatore,25.5,57.57
2024-01-25 09:00:00,Salem,27.7,74.62
2024-01-25 10:00:00,Madurai,30.3,81.45
2024-01-25 11:00:00,Chennai,30.5,99.28
2024-01-25 12:00:00,Salem,29.1,78.97
2024-01-25 13:00:00,Salem,28.8,78.36
2024-01-25 14:00:00,Salem,30.1,84.64
2024-01-25 15:00:00,Salem,29.4,82.32
2024-01-25 16:00:00,Chennai,29.7,88.5
2024-01-25 17:00:00,Salem,25.7,68.2
2024-01-25 18:00:00,Coimbatore,24.0,59.91
2024-01-25 19:00:00,Salem,22.6,49.09
2024-01-25 20:00:00,Madurai,22.5,56.28
2024-01-25 21:00:00,Salem,20.2,50.93
2024-01-25 22:00:00,Madurai,21.3,54.78
2024-01-25 23:00:00,Madurai,20.1,47.49
2024-01-26 00:00:00,Madurai,21.6,35.24
2024-01-26 01:00:00,Salem,20.9,35.47
2024-01-26 02:00:00,Madurai,20.2,45.41
2024-01-26 03:00:00,Chennai,23.9,52.3
2024-01-26 04:00:00,Salem,22.1,43.64
2024-01-26 05:00:00,Madurai,25.5,57.37
2024-01-26 06:00:00,Coimbatore,23.9,49.71
2024-01-26 07:00:00,Madurai,25.9,62.53
2024-01-26 08:00:00,Salem,25.9,54.0
2024-01-26 09:00:00,Salem,28.5,74.4
2024-01-26 10:00:00,Salem,30.5,82.65
2024-01-26 11:00:00,Coimbatore,26.1,73.72
2024-01-26 12:00:00,Salem,30.3,78.47
2024-01-26 13:00:00,Coimbatore,30.2,88.26
2024-01-26 14:00:00,Madurai,30.5,99.5
2024-01-26 15:00:00,Madurai,30.6,91.15
2024-01-26 16:00:00,Chennai,29.1,89.64
2024-01-26 17:00:00,Coimbatore,25.0,66.33
2024-01-26 18:00:00,Chennai,25.4,82.07
2024-01-26 19:00:00,Chennai,23.3,62.02
2024-01-26 20:00:00,Coimbatore,22.5,52.77
2024-01-26 21:00:00,Coimbatore,19.2,44.2
2024-01-26 22:00:00,Chennai,22.5,50.89
2024-01-26 23:00:00,Coimbatore,17.4,39.42
2024-01-27 00:00:00,Madurai,19.7,45.39
2024-01-27 01:00:00,Chennai,22.4,52.72
2024-01-27 02:00:00,Coimbatore,18.7,38.8
2024-01-27 03:00:00,Coimbatore,20.8,37.89
2024-01-27 04:00:00,Madurai,24.5,59.07
2024-01-27 05:00:00,Coimbatore,23.0,44.41
2024-01-27 06:00:00,Madurai,26.7,61.36
2024-01-27 07:00:00,Coimbatore,27.1,56.71
2024-01-27 08:00:00,Coimbatore,25.1,66.62
2024-01-27 09:00:00,Coimbatore,27.4,75.4
2024-01-27 10:00:00,Chennai,33.1,111.89
2024-01-27 11:00:00,Madurai,32.8,92.38
2024-01-27 12:00:00,Chennai,30.7,102.93
2024-01-27 13:00:00,Coimbatore,28.4,80.2
2024-01-27 14:00:00,Salem,30.9,88.79
2024-01-27 15:00:00,Salem,29.1,72.45
2024-01-27 16:00:00,Madurai,29.2,91.08
2024-01-27 17:00:00,Salem,26.0,69.44
2024-01-27 18:00:00,Salem,24.5,58.9
2024-01-27 19:00:00,Coimbatore,23.0,58.7
2024-01-27 20:00:00,Salem,22.1,46.9
2024-01-27 21:00:00,Coimbatore,20.3,45.08
2024-01-27 22:00:00,Coimbatore,19.7,41.22
2024-01-27 23:00:00,Madurai,20.8,37.21
2024-01-28 00:00:00,Salem,20.6,36.45
2024-01-28 01:00:00,Salem,23.6,38.28
2024-01-28 02:00:00,Coimbatore,17.5,34.2
2024-01-28 03:00:00,Madurai,23.3,45.79
2024-01-28 04:00:00,Chennai,24.0,51.44
2024-01-28 05:00:00,Salem,24.4,46.71
2024-01-28 06:00:00,Madurai,26.5,60.49
2024-01-28 07:00:00,Madurai,28.7,70.39
2024-01-28 08:00:00,Salem,28.9,75.4
2024-01-28 09:00:00,Madurai,30.2,85.23
2024-01-28 10:00:00,Chennai,33.1,110.31
2024-01-28 11:00:00,Coimbatore,26.0,71.36
2024-01-28 12:00:00,Chennai,34.4,105.23
2024-01-28 13:00:00,Madurai,31.7,100.39
2024-01-28 14:00:00,Chennai,33.1,107.13
2024-01-28 15:00:00,Chennai,29.5,95.23
2024-01-28 16:00:00,Madurai,28.0,86.13
2024-01-28 17:00:00,Madurai,27.9,76.76
2024-01-28 18:00:00,Madurai,26.4,71.63
2024-01-28 19:00:00,Salem,24.0,53.43
2024-01-28 20:00:00,Salem,23.8,44.8
2024-01-28 21:00:00,Chennai,21.8,56.35
2024-01-28 22:00:00,Salem,21.8,46.42
2024-01-28 23:00:00,Madurai,21.6,45.57
2024-01-29 00:00:00,Madurai,21.2,34.62
2024-01-29 01:00:00,Chennai,20.9,39.29
2024-01-29 02:00:00,Madurai,22.8,48.67
2024-01-29 03:00:00,Madurai,20.1,44.03
2024-01-29 04:00:00,Madurai,24.8,47.47
2024-01-29 05:00:00,Chennai,24.4,56.3
2024-01-29 06:00:00,Madurai,26.6,57.41
2024-01-29 07:00:00,Salem,26.1,64.3
2024-01-29 08:00:00,Madurai,30.4,81.42
2024-01-29 09:00:00,Chennai,30.8,97.87
2024-01-29 10:00:00,Salem,28.5,75.71
2024-01-29 11:00:00,Salem,29.2,85.13
2024-01-29 12:00:00,Chennai,34.0,108.68
2024-01-29 13:00:00,Salem,30.5,88.06
2024-01-29 14:00:00,Coimbatore,27.9,80.84
2024-01-29 15:00:00,Madurai,29.7,90.45
2024-01-29 16:00:00,Coimbatore,24.6,66.88
2024-01-29 17:00:00,Salem,26.7,67.6
2024-01-29 18:00:00,Salem,22.9,65.12
2024-01-29 19:00:00,Salem,24.6,52.41
2024-01-29 20:00:00,Salem,22.6,49.98
2024-01-29 21:00:00,Salem,24.3,46.42
2024-01-29 22:00:00,Chennai,21.8,54.68
2024-01-29 23:00:00,Coimbatore,19.0,37.9
2024-01-30 00:00:00,Madurai,23.7,41.26
2024-01-30 01:00:00,Madurai,23.1,39.84
2024-01-30 02:00:00,Chennai,22.4,40.68
2024-01-30 03:00:00,Chennai,24.3,50.39
2024-01-30 04:00:00,Madurai,24.0,43.1
2024-01-30 05:00:00,Madurai,25.6,49.3
2024-01-30 06:00:00,Chennai,26.7,69.19
2024-01-30 07:00:00,Chennai,28.7,80.88
2024-01-30 08:00:00,Chennai,28.1,82.74
2024-01-30 09:00:00,Madurai,30.2,87.75
2024-01-30 10:00:00,Chennai,32.4,92.25
2024-01-30 11:00:00,Madurai,31.1,87.05
2024-01-30 12:00:00,Coimbatore,27.1,83.47
2024-01-30 13:00:00,Coimbatore,30.0,80.85
2024-01-30 14:00:00,Madurai,31.3,96.29
2024-01-30 15:00:00,Madurai,29.2,83.61
2024-01-30 16:00:00,Madurai,28.7,83.92
2024-01-30 17:00:00,Salem,24.5,58.96
2024-01-30 18:00:00,Salem,23.8,59.71
2024-01-30 19:00:00,Salem,23.1,54.66
2024-01-30 20:00:00,Madurai,25.5,59.97
2024-01-30 21:00:00,Coimbatore,19.7,43.2
2024-01-30 22:00:00,Chennai,24.0,54.15
2024-01-30 23:00:00,Madurai,21.0,39.77
2024-01-31 00:00:00,Chennai,22.9,46.71
2024-01-31 01:00:00,Salem,20.1,44.02
2024-01-31 02:00:00,Salem,21.8,40.41
2024-01-31 03:00:00,Chennai,23.4,52.27
2024-01-31 04:00:00,Salem,20.7,40.16
2024-01-31 05:00:00,Chennai,24.6,50.28
2024-01-31 06:00:00,Madurai,25.9,55.79
2024-01-31 07:00:00,Chennai,27.4,79.9
2024-01-31 08:00:00,Coimbatore,27.0,63.95
2024-01-31 09:00:00,Madurai,29.5,80.45
2024-01-31 10:00:00,Madurai,33.7,98.48
2024-01-31 11:00:00,Coimbatore,26.8,69.49
2024-01-31 12:00:00,Salem,30.3,78.91
2024-01-31 13:00:00,Salem,28.5,78.04
2024-01-31 14:00:00,Chennai,31.3,95.28
2024-01-31 15:00:00,Madurai,30.3,86.91
2024-01-31 16:00:00,Madurai,26.3,72.8
2024-01-31 17:00:00,Coimbatore,25.6,69.1
2024-01-31 18:00:00,Madurai,28.8,78.89
2024-01-31 19:00:00,Salem,23.2,53.4
2024-01-31 20:00:00,Salem,22.9,52.35
2024-01-31 21:00:00,Salem,22.8,44.83
2024-01-31 22:00:00,Madurai,22.0,46.96
2024-01-31 23:00:00,Coimbatore,18.5,41.5
2024-02-01 00:00:00,Salem,17.4,35.67
2024-02-01 01:00:00,Coimbatore,20.0,34.92
2024-02-01 02:00:00,Madurai,22.1,42.33
2024-02-01 03:00:00,Coimbatore,19.3,36.27
2024-02-01 04:00:00,Coimbatore,21.7,39.06
2024-02-01 05:00:00,Chennai,25.6,64.31
2024-02-01 06:00:00,Salem,24.5,51.38
2024-02-01 07:00:00,Chennai,29.6,83.63
2024-02-01 08:00:00,Chennai,28.5,83.04
2024-02-01 09:00:00,Salem,29.9,77.71
2024-02-01 10:00:00,Madurai,29.2,87.53
2024-02-01 11:00:00,Coimbatore,28.1,81.63
2024-02-01 12:00:00,Madurai,33.9,105.98
2024-02-01 13:00:00,Coimbatore,30.3,85.6
2024-02-01 14:00:00,Chennai,32.0,106.63
2024-02-01 15:00:00,Madurai,29.0,86.63
2024-02-01 16:00:00,Chennai,29.5,93.69
2024-02-01 17:00:00,Madurai,28.0,80.82
2024-02-01 18:00:00,Salem,25.1,61.97
2024-02-01 19:00:00,Salem,23.7,51.17
2024-02-01 20:00:00,Coimbatore,21.6,54.76
2024-02-01 21:00:00,Salem,21.3,56.78
2024-02-01 22:00:00,Madurai,20.5,46.58
2024-02-01 23:00:00,Coimbatore,18.6,39.91
2024-02-02 00:00:00,Chennai,23.7,43.22
2024-02-02 01:00:00,Coimbatore,17.7,33.56
2024-02-02 02:00:00,Madurai,22.1,48.19
2024-02-02 03:00:00,Salem,20.6,34.7
2024-02-02 04:00:00,Chennai,25.3,54.76
2024-02-02 05:00:00,Madurai,24.9,47.65
2024-02-02 06:00:00,Salem,26.9,54.25
2024-02-02 07:00:00,Salem,27.0,54.65
2024-02-02 08:00:00,Coimbatore,25.1,63.56
2024-02-02 09:00:00,Chennai,32.0,107.44
2024-02-02 10:00:00,Coimbatore,27.5,72.83
2024-02-02 11:00:00,Salem,29.3,73.07
2024-02-02 12:00:00,Salem,30.5,88.06
2024-02-02 13:00:00,Madurai,30.9,90.01
2024-02-02 14:00:00,Chennai,33.0,109.48
2024-02-02 15:00:00,Chennai,30.2,93.43
2024-02-02 16:00:00,Coimbatore,25.9,67.12
2024-02-02 17:00:00,Madurai,27.1,76.1
2024-02-02 18:00:00,Chennai,26.9,81.77
2024-02-02 19:00:00,Madurai,26.7,68.85
2024-02-02 20:00:00,Madurai,24.9,57.85
2024-02-02 21:00:00,Chennai,26.1,63.33
2024-02-02 22:00:00,Chennai,26.0,54.39
2024-02-02 23:00:00,Coimbatore,18.1,41.21
2024-02-03 00:00:00,Madurai,21.8,32.85
2024-02-03 01:00:00,Salem,18.9,31.73
2024-02-03 02:00:00,Coimbatore,18.9,40.05
2024-02-03 03:00:00,Coimbatore,19.9,40.61
2024-02-03 04:00:00,Salem,21.4,42.86
2024-02-03 05:00:00,Coimbatore,21.6,45.86
2024-02-03 06:00:00,Coimbatore,24.0,54.68
2024-02-03 07:00:00,Coimbatore,24.0,57.58
2024-02-03 08:00:00,Chennai,31.2,92.34
2024-02-03 09:00:00,Coimbatore,26.6,72.68
2024-02-03 10:00:00,Madurai,34.4,104.38
2024-02-03 11:00:00,Salem,29.5,78.62
2024-02-03 12:00:00,Madurai,31.8,90.24
2024-02-03 13:00:00,Salem,28.4,79.6
2024-02-03 14:00:00,Madurai,33.0,101.47
2024-02-03 15:00:00,Chennai,32.5,106.28
2024-02-03 16:00:00,Coimbatore,27.0,69.42
2024-02-03 17:00:00,Salem,24.8,58.82
2024-02-03 18:00:00,Chennai,27.9,83.78
2024-02-03 19:00:00,Salem,22.5,53.83
2024-02-03 20:00:00,Madurai,25.9,55.5
2024-02-03 21:00:00,Coimbatore,21.6,48.9
2024-02-03 22:00:00,Salem,21.0,33.67
2024-02-03 23:00:00,Salem,17.4,33.84
2024-02-04 00:00:00,Chennai,21.5,50.41
2024-02-04 01:00:00,Chennai,23.7,52.81
2024-02-04 02:00:00,Madurai,23.8,37.15
2024-02-04 03:00:00,Salem,23.0,36.08
2024-02-04 04:00:00,Chennai,23.3,52.67
2024-02-04 05:00:00,Madurai,25.8,64.0
2024-02-04 06:00:00,Chennai,28.9,73.71
2024-02-04 07:00:00,Madurai,26.0,63.38
2024-02-04 08:00:00,Madurai,29.2,85.35
2024-02-04 09:00:00,Chennai,31.6,93.47
2024-02-04 10:00:00,Madurai,30.7,92.43
2024-02-04 11:00:00,Salem,27.8,69.03
2024-02-04 12:00:00,Salem,29.8,81.53
2024-02-04 13:00:00,Chennai,32.1,95.12
2024-02-04 14:00:00,Chennai,31.9,96.54
2024-02-04 15:00:00,Chennai,30.6,99.19
2024-02-04 16:00:00,Coimbatore,26.2,70.41
2024-02-04 17:00:00,Chennai,29.0,86.61
2024-02-04 18:00:00,Salem,25.7,59.9
2024-02-04 19:00:00,Salem,23.5,53.24
2024-02-04 20:00:00,Salem,22.2,51.16
2024-02-04 21:00:00,Chennai,24.3,62.29
2024-02-04 22:00:00,Chennai,21.1,42.57
2024-02-04 23:00:00,Salem,20.9,34.3
2024-02-05 00:00:00,Coimbatore,19.2,35.64
2024-02-05 01:00:00,Madurai,22.0,40.12
2024-02-05 02:00:00,Salem,22.1,36.62
2024-02-05 03:00:00,Chennai,21.9,50.46
2024-02-05 04:00:00,Chennai,22.9,51.28
2024-02-05 05:00:00,Chennai,26.8,62.97
2024-02-05 06:00:00,Chennai,27.7,70.86
2024-02-05 07:00:00,Chennai,29.2,85.12
2024-02-05 08:00:00,Salem,27.2,62.82
2024-02-05 09:00:00,Madurai,31.1,88.11
2024-02-05 10:00:00,Salem,30.7,83.27
2024-02-05 11:00:00,Salem,30.7,90.46
2024-02-05 12:00:00,Salem,29.9,81.34
2024-02-05 13:00:00,Chennai,30.0,98.88
2024-02-05 14:00:00,Coimbatore,29.5,88.01
2024-02-05 15:00:00,Salem,30.2,82.3
2024-02-05 16:00:00,Chennai,31.0,95.12
2024-02-05 17:00:00,Chennai,28.0,83.37
2024-02-05 18:00:00,Madurai,27.6,74.96
2024-02-05 19:00:00,Salem,25.0,60.73
2024-02-05 20:00:00,Salem,24.6,52.8
2024-02-05 21:00:00,Salem,20.7,46.34
2024-02-05 22:00:00,Chennai,23.1,48.57
2024-02-05 23:00:00,Salem,21.3,33.75
2024-02-06 00:00:00,Salem,20.4,41.57
2024-02-06 01:00:00,Madurai,20.6,39.8
2024-02-06 02:00:00,Salem,21.5,31.91
2024-02-06 03:00:00,Salem,22.4,43.12
2024-02-06 04:00:00,Coimbatore,21.9,43.63
2024-02-06 05:00:00,Chennai,26.8,67.39
2024-02-06 06:00:00,Coimbatore,24.0,49.45
2024-02-06 07:00:00,Chennai,30.9,84.69
2024-02-06 08:00:00,Chennai,29.2,83.47
2024-02-06 09:00:00,Chennai,30.6,86.23
2024-02-06 10:00:00,Madurai,31.1,90.47
2024-02-06 11:00:00,Madurai,32.7,98.8
2024-02-06 12:00:00,Madurai,30.0,97.26
2024-02-06 13:00:00,Madurai,30.0,90.39
2024-02-06 14:00:00,Madurai,28.7,76.19
2024-02-06 15:00:00,Madurai,30.4,89.82
2024-02-06 16:00:00,Chennai,28.9,100.2
2024-02-06 17:00:00,Salem,26.1,70.08
2024-02-06 18:00:00,Coimbatore,25.1,59.74
2024-02-06 19:00:00,Chennai,25.7,73.92
2024-02-06 20:00:00,Salem,23.1,46.99
2024-02-06 21:00:00,Madurai,22.9,46.99
2024-02-06 22:00:00,Chennai,24.3,52.64
2024-02-06 23:00:00,Chennai,23.5,49.99
2024-02-07 00:00:00,Chennai,22.0,37.51
2024-02-07 01:00:00,Coimbatore,19.3,30.91
2024-02-07 02:00:00,Chennai,24.7,49.29
2024-02-07 03:00:00,Madurai,23.8,42.76
2024-02-07 04:00:00,Madurai,22.6,49.08
2024-02-07 05:00:00,Salem,24.8,41.82
2024-02-07 06:00:00,Madurai,25.5,62.66
2024-02-07 07:00:00,Madurai,29.8,72.71
2024-02-07 08:00:00,Madurai,30.6,90.2
2024-02-07 09:00:00,Chennai,31.7,88.42
2024-02-07 10:00:00,Chennai,32.3,95.29
2024-02-07 11:00:00,Madurai,31.4,95.12
2024-02-07 12:00:00,Chennai,33.6,113.03
2024-02-07 13:00:00,Chennai,32.2,103.34
2024-02-07 14:00:00,Chennai,32.4,104.62
2024-02-07 15:00:00,Salem,29.9,81.67
2024-02-07 16:00:00,Coimbatore,26.2,66.5
2024-02-07 17:00:00,Madurai,27.4,75.81
2024-02-07 18:00:00,Coimbatore,22.9,54.61
2024-02-07 19:00:00,Chennai,25.3,65.16
2024-02-07 20:00:00,Coimbatore,19.6,53.57
2024-02-07 21:00:00,Chennai,25.2,56.75
2024-02-07 22:00:00,Salem,23.2,42.35
2024-02-07 23:00:00,Chennai,24.7,46.65
2024-02-08 00:00:00,Coimbatore,17.4,36.19
2024-02-08 01:00:00,Salem,21.4,31.56
2024-02-08 02:00:00,Madurai,24.2,48.28
2024-02-08 03:00:00,Coimbatore,20.3,40.69
2024-02-08 04:00:00,Madurai,24.5,54.04
2024-02-08 05:00:00,Salem,21.7,41.1
2024-02-08 06:00:00,Coimbatore,24.7,52.47
2024-02-08 07:00:00,Madurai,26.9,64.24
2024-02-08 08:00:00,Salem,28.1,66.98
2024-02-08 09:00:00,Madurai,28.5,79.0
2024-02-08 10:00:00,Coimbatore,29.3,77.16
2024-02-08 11:00:00,Chennai,33.9,101.59
2024-02-08 12:00:00,Chennai,31.9,95.28
2024-02-08 13:00:00,Salem,28.8,69.84
2024-02-08 14:00:00,Madurai,28.6,80.98
2024-02-08 15:00:00,Coimbatore,27.6,78.75
2024-02-08 16:00:00,Coimbatore,26.2,64.21
2024-02-08 17:00:00,Madurai,26.3,68.78
2024-02-08 18:00:00,Madurai,27.4,82.5
2024-02-08 19:00:00,Madurai,25.0,61.77
2024-02-08 20:00:00,Coimbatore,20.6,53.24
2024-02-08 21:00:00,Madurai,22.7,54.97
2024-02-08 22:00:00,Coimbatore,21.3,45.73
2024-02-08 23:00:00,Salem,21.3,31.53
2024-02-09 00:00:00,Chennai,22.8,44.08
2024-02-09 01:00:00,Chennai,23.8,39.04
2024-02-09 02:00:00,Coimbatore,18.7,46.79
2024-02-09 03:00:00,Madurai,23.4,38.01
2024-02-09 04:00:00,Madurai,24.6,45.23
2024-02-09 05:00:00,Coimbatore,22.6,41.96
2024-02-09 06:00:00,Salem,25.9,48.09
2024-02-09 07:00:00,Coimbatore,24.8,61.86
2024-02-09 08:00:00,Chennai,31.0,99.6
2024-02-09 09:00:00,Chennai,32.1,94.66
2024-02-09 10:00:00,Salem,26.2,62.86
2024-02-09 11:00:00,Chennai,34.2,98.47
2024-02-09 12:00:00,Salem,26.8,71.64
2024-02-09 13:00:00,Coimbatore,28.5,78.98
2024-02-09 14:00:00,Chennai,33.5,103.28
2024-02-09 15:00:00,Coimbatore,27.6,77.12
2024-02-09 16:00:00,Madurai,27.7,81.99
2024-02-09 17:00:00,Coimbatore,24.4,64.46
2024-02-09 18:00:00,Salem,26.6,64.52
2024-02-09 19:00:00,Madurai,23.3,56.71
2024-02-09 20:00:00,Coimbatore,23.3,54.62
2024-02-09 21:00:00,Madurai,23.3,52.45
2024-02-09 22:00:00,Salem,19.7,44.63
2024-02-09 23:00:00,Coimbatore,18.9,42.78
2024-02-10 00:00:00,Chennai,21.7,39.31
2024-02-10 01:00:00,Coimbatore,20.7,29.77
2024-02-10 02:00:00,Salem,22.0,31.99
2024-02-10 03:00:00,Chennai,22.4,45.17
2024-02-10 04:00:00,Salem,22.5,43.52
2024-02-10 05:00:00,Madurai,24.6,54.44
2024-02-10 06:00:00,Madurai,28.5,73.8
2024-02-10 07:00:00,Coimbatore,24.1,55.79
2024-02-10 08:00:00,Salem,29.9,75.23
2024-02-10 09:00:00,Chennai,31.5,99.44
2024-02-10 10:00:00,Coimbatore,27.4,75.86
2024-02-10 11:00:00,Coimbatore,28.5,79.45
2024-02-10 12:00:00,Coimbatore,28.5,85.98
2024-02-10 13:00:00,Coimbatore,27.8,78.46
2024-02-10 14:00:00,Chennai,32.4,101.15
2024-02-10 15:00:00,Chennai,30.0,90.57
2024-02-10 16:00:00,Chennai,27.8,88.54
2024-02-10 17:00:00,Madurai,27.8,84.0
2024-02-10 18:00:00,Coimbatore,22.3,59.26
2024-02-10 19:00:00,Madurai,24.8,68.91
2024-02-10 20:00:00,Madurai,23.4,49.08
2024-02-10 21:00:00,Madurai,22.4,52.18
2024-02-10 22:00:00,Madurai,25.0,51.11
2024-02-10 23:00:00,Madurai,22.2,41.71
2024-02-11 00:00:00,Madurai,22.3,49.54
2024-02-11 01:00:00,Madurai,20.0,40.25
2024-02-11 02:00:00,Madurai,21.9,40.38
2024-02-11 03:00:00,Coimbatore,21.2,39.5
2024-02-11 04:00:00,Chennai,24.3,45.45
2024-02-11 05:00:00,Salem,25.3,45.24
2024-02-11 06:00:00,Coimbatore,23.1,53.93
2024-02-11 07:00:00,Madurai,28.0,69.17
2024-02-11 08:00:00,Chennai,29.8,82.76
2024-02-11 09:00:00,Coimbatore,28.2,79.32
2024-02-11 10:00:00,Madurai,30.6,94.58
2024-02-11 11:00:00,Madurai,31.5,95.84
2024-02-11 12:00:00,Madurai,31.7,93.48
2024-02-11 13:00:00,Coimbatore,28.4,78.96
2024-02-11 14:00:00,Salem,30.4,80.75
2024-02-11 15:00:00,Madurai,30.8,87.5
2024-02-11 16:00:00,Salem,27.9,69.87
2024-02-11 17:00:00,Madurai,27.8,76.58
2024-02-11 18:00:00,Madurai,28.0,73.12
2024-02-11 19:00:00,Salem,23.9,47.86
2024-02-11 20:00:00,Chennai,25.1,66.36
2024-02-11 21:00:00,Salem,22.1,46.34
2024-02-11 22:00:00,Salem,23.2,47.88
2024-02-11 23:00:00,Madurai,20.6,41.95
2024-02-12 00:00:00,Madurai,23.0,41.18
2024-02-12 01:00:00,Madurai,19.9,41.76
2024-02-12 02:00:00,Coimbatore,20.5,35.99
2024-02-12 03:00:00,Salem,23.9,40.37
2024-02-12 04:00:00,Chennai,26.1,62.32
2024-02-12 05:00:00,Coimbatore,23.5,47.43
2024-02-12 06:00:00,Madurai,26.4,61.66
2024-02-12 07:00:00,Salem,26.9,59.74
2024-02-12 08:00:00,Coimbatore,26.7,60.68
2024-02-12 09:00:00,Coimbatore,27.1,67.34
2024-02-12 10:00:00,Chennai,32.0,96.21
2024-02-12 11:00:00,Chennai,33.1,99.4
2024-02-12 12:00:00,Chennai,32.1,103.34
2024-02-12 13:00:00,Chennai,31.9,105.91
2024-02-12 14:00:00,Salem,28.2,73.29
2024-02-12 15:00:00,Salem,29.6,81.77
2024-02-12 16:00:00,Salem,28.7,72.47
2024-02-12 17:00:00,Chennai,29.6,88.59
2024-02-12 18:00:00,Chennai,29.2,83.34
2024-02-12 19:00:00,Coimbatore,23.4,58.53
2024-02-12 20:00:00,Madurai,25.0,57.44
2024-02-12 21:00:00,Coimbatore,21.4,51.45
2024-02-12 22:00:00,Coimbatore,20.1,42.09
2024-02-12 23:00:00,Chennai,22.6,47.02
2024-02-13 00:00:00,Madurai,24.8,37.55
2024-02-13 01:00:00,Coimbatore,19.2,36.52
2024-02-13 02:00:00,Chennai,23.0,50.59
2024-02-13 03:00:00,Madurai,24.1,45.81
2024-02-13 04:00:00,Salem,23.4,49.46
2024-02-13 05:00:00,Chennai,25.1,65.36
2024-02-13 06:00:00,Coimbatore,25.9,54.85
2024-02-13 07:00:00,Salem,26.8,59.57
2024-02-13 08:00:00,Madurai,28.3,78.15
2024-02-13 09:00:00,Salem,30.6,76.41
2024-02-13 10:00:00,Coimbatore,29.7,86.01
2024-02-13 11:00:00,Coimbatore,27.9,78.7
2024-02-13 12:00:00,Madurai,34.2,104.32
2024-02-13 13:00:00,Chennai,33.7,109.63
2024-02-13 14:00:00,Chennai,32.4,109.26
2024-02-13 15:00:00,Madurai,32.5,97.6
2024-02-13 16:00:00,Madurai,29.8,86.67
2024-02-13 17:00:00,Chennai,29.4,95.2
2024-02-13 18:00:00,Madurai,26.3,75.69
2024-02-13 19:00:00,Coimbatore,24.0,54.83
2024-02-13 20:00:00,Madurai,25.2,60.82
2024-02-13 21:00:00,Salem,22.1,46.18
2024-02-13 22:00:00,Chennai,22.8,54.52
2024-02-13 23:00:00,Salem,20.9,32.2
2024-02-14 00:00:00,Coimbatore,19.6,28.83
2024-02-14 01:00:00,Salem,19.2,29.96
2024-02-14 02:00:00,Coimbatore,18.5,33.15
2024-02-14 03:00:00,Coimbatore,21.8,36.82
2024-02-14 04:00:00,Salem,20.0,43.04
2024-02-14 05:00:00,Madurai,26.1,57.16
2024-02-14 06:00:00,Chennai,27.6,72.31
2024-02-14 07:00:00,Madurai,30.0,73.19
2024-02-14 08:00:00,Salem,27.5,64.87
2024-02-14 09:00:00,Coimbatore,29.0,78.99
2024-02-14 10:00:00,Salem,29.5,81.08
2024-02-14 11:00:00,Madurai,32.1,92.8
2024-02-14 12:00:00,Coimbatore,30.5,87.1
2024-02-14 13:00:00,Chennai,32.4,111.52
2024-02-14 14:00:00,Madurai,32.7,98.25
2024-02-14 15:00:00,Chennai,30.5,92.74
2024-02-14 16:00:00,Salem,28.5,75.27
2024-02-14 17:00:00,Madurai,29.5,84.86
2024-02-14 18:00:00,Coimbatore,25.4,63.33
2024-02-14 19:00:00,Chennai,29.1,82.31
2024-02-14 20:00:00,Madurai,23.7,51.19
2024-02-14 21:00:00,Chennai,23.0,53.55
2024-02-14 22:00:00,Coimbatore,19.1,42.48
2024-02-14 23:00:00,Salem,21.6,36.96
2024-02-15 00:00:00,Salem,21.3,30.74
2024-02-15 01:00:00,Salem,21.0,32.8
2024-02-15 02:00:00,Salem,20.0,35.25
2024-02-15 03:00:00,Madurai,24.6,49.87
2024-02-15 04:00:00,Chennai,24.2,52.74
2024-02-15 05:00:00,Salem,25.8,51.47
2024-02-15 06:00:00,Salem,29.1,62.15
2024-02-15 07:00:00,Salem,27.4,65.05
2024-02-15 08:00:00,Madurai,30.4,84.49
2024-02-15 09:00:00,Chennai,31.1,96.83
2024-02-15 10:00:00,Madurai,29.3,87.92
2024-02-15 11:00:00,Coimbatore,28.8,82.49
2024-02-15 12:00:00,Salem,29.4,80.54
2024-02-15 13:00:00,Coimbatore,27.8,78.98
2024-02-15 14:00:00,Coimbatore,31.1,92.46
2024-02-15 15:00:00,Chennai,32.1,98.03
2024-02-15 16:00:00,Salem,28.6,73.77
2024-02-15 17:00:00,Salem,26.6,68.94
2024-02-15 18:00:00,Chennai,28.0,83.92
2024-02-15 19:00:00,Coimbatore,24.6,54.74
2024-02-15 20:00:00,Coimbatore,22.2,51.66
2024-02-15 21:00:00,Coimbatore,21.8,47.02
2024-02-15 22:00:00,Salem,21.1,32.21
2024-02-15 23:00:00,Chennai,22.9,48.74
2024-02-16 00:00:00,Coimbatore,18.1,34.37
2024-02-16 01:00:00,Chennai,21.0,44.87
2024-02-16 02:00:00,Chennai,23.6,52.67
2024-02-16 03:00:00,Salem,22.3,32.53
2024-02-16 04:00:00,Salem,21.7,37.2
2024-02-16 05:00:00,Chennai,26.9,54.95
2024-02-16 06:00:00,Madurai,27.3,63.64
2024-02-16 07:00:00,Chennai,26.9,71.58
2024-02-16 08:00:00,Chennai,29.6,83.39
2024-02-16 09:00:00,Coimbatore,28.8,80.44
2024-02-16 10:00:00,Chennai,33.0,105.34
2024-02-16 11:00:00,Coimbatore,28.2,78.53
2024-02-16 12:00:00,Salem,30.9,84.25
2024-02-16 13:00:00,Madurai,33.3,104.71
2024-02-16 14:00:00,Madurai,32.5,97.6
2024-02-16 15:00:00,Coimbatore,28.2,74.88
2024-02-16 16:00:00,Chennai,30.2,86.54
2024-02-16 17:00:00,Chennai,28.8,85.48
2024-02-16 18:00:00,Coimbatore,25.3,66.64
2024-02-16 19:00:00,Chennai,27.2,85.46
2024-02-16 20:00:00,Salem,24.0,50.21
2024-02-16 21:00:00,Salem,22.4,42.34
2024-02-16 22:00:00,Salem,22.4,36.34
2024-02-16 23:00:00,Madurai,22.5,46.83
2024-02-17 00:00:00,Madurai,23.2,32.94
2024-02-17 01:00:00,Madurai,23.5,42.71
2024-02-17 02:00:00,Coimbatore,19.5,40.28
2024-02-17 03:00:00,Madurai,21.6,46.14
2024-02-17 04:00:00,Salem,25.1,43.14
2024-02-17 05:00:00,Salem,24.8,48.94
2024-02-17 06:00:00,Madurai,25.2,59.52
2024-02-17 07:00:00,Chennai,28.7,75.81
2024-02-17 08:00:00,Madurai,30.7,91.35
2024-02-17 09:00:00,Coimbatore,28.0,72.04
2024-02-17 10:00:00,Madurai,31.0,93.6
2024-02-17 11:00:00,Madurai,33.8,91.46
2024-02-17 12:00:00,Salem,29.5,86.36
2024-02-17 13:00:00,Coimbatore,28.7,86.76
2024-02-17 14:00:00,Salem,30.4,84.08
2024-02-17 15:00:00,Salem,29.8,83.51
2024-02-17 16:00:00,Coimbatore,27.9,78.28
2024-02-17 17:00:00,Coimbatore,27.2,69.56
2024-02-17 18:00:00,Madurai,27.5,77.85
2024-02-17 19:00:00,Salem,25.1,54.4
2024-02-17 20:00:00,Madurai,24.5,56.12
2024-02-17 21:00:00,Salem,22.3,49.91
2024-02-17 22:00:00,Coimbatore,20.6,46.97
2024-02-17 23:00:00,Madurai,22.7,41.8
2024-02-18 00:00:00,Coimbatore,20.8,32.07
2024-02-18 01:00:00,Salem,21.7,30.93
2024-02-18 02:00:00,Coimbatore,20.6,39.94
2024-02-18 03:00:00,Madurai,22.8,40.39
2024-02-18 04:00:00,Chennai,25.9,60.01
2024-02-18 05:00:00,Salem,24.5,48.71
2024-02-18 06:00:00,Coimbatore,25.1,53.17
2024-02-18 07:00:00,Coimbatore,28.8,73.29
2024-02-18 08:00:00,Madurai,29.2,77.93
2024-02-18 09:00:00,Coimbatore,28.9,75.47
2024-02-18 10:00:00,Salem,31.5,81.19
2024-02-18 11:00:00,Madurai,32.3,100.4
2024-02-18 12:00:00,Madurai,35.1,103.11
2024-02-18 13:00:00,Chennai,32.7,105.08
2024-02-18 14:00:00,Chennai,33.1,104.32
2024-02-18 15:00:00,Coimbatore,27.4,71.39
2024-02-18 16:00:00,Salem,27.9,71.61
2024-02-18 17:00:00,Salem,27.4,76.3
2024-02-18 18:00:00,Madurai,28.4,79.35
2024-02-18 19:00:00,Madurai,26.4,64.76
2024-02-18 20:00:00,Coimbatore,23.9,53.18
2024-02-18 21:00:00,Chennai,24.7,59.06
2024-02-18 22:00:00,Chennai,23.6,66.89
2024-02-18 23:00:00,Coimbatore,23.3,40.76
2024-02-19 00:00:00,Coimbatore,20.4,33.48
2024-02-19 01:00:00,Chennai,22.7,51.19
2024-02-19 02:00:00,Coimbatore,19.7,29.65
2024-02-19 03:00:00,Chennai,23.7,49.77
2024-02-19 04:00:00,Madurai,26.0,61.88
2024-02-19 05:00:00,Salem,24.2,44.29
2024-02-19 06:00:00,Madurai,27.5,59.27
2024-02-19 07:00:00,Coimbatore,26.1,59.02
2024-02-19 08:00:00,Coimbatore,28.3,77.09
2024-02-19 09:00:00,Coimbatore,27.4,73.03
2024-02-19 10:00:00,Chennai,31.4,93.43
2024-02-19 11:00:00,Madurai,32.5,94.23
2024-02-19 12:00:00,Madurai,33.1,97.54
2024-02-19 13:00:00,Chennai,33.6,108.01
2024-02-19 14:00:00,Coimbatore,28.3,84.6
2024-02-19 15:00:00,Coimbatore,29.2,85.57
2024-02-19 16:00:00,Chennai,30.0,94.59
2024-02-19 17:00:00,Madurai,28.1,74.68
2024-02-19 18:00:00,Madurai,26.3,66.51
2024-02-19 19:00:00,Madurai,27.7,75.09
2024-02-19 20:00:00,Madurai,25.7,57.02
2024-02-19 21:00:00,Salem,23.1,44.5
2024-02-19 22:00:00,Salem,23.1,42.29
2024-02-19 23:00:00,Madurai,25.9,46.15
2024-02-20 00:00:00,Salem,18.9,28.9
2024-02-20 01:00:00,Coimbatore,19.2,35.13
2024-02-20 02:00:00,Salem,20.9,37.02
2024-02-20 03:00:00,Salem,21.4,41.64
2024-02-20 04:00:00,Madurai,23.7,49.93
2024-02-20 05:00:00,Salem,24.3,45.37
2024-02-20 06:00:00,Madurai,26.0,58.42
2024-02-20 07:00:00,Madurai,29.1,70.92
2024-02-20 08:00:00,Coimbatore,27.5,66.67
2024-02-20 09:00:00,Salem,30.1,79.81
2024-02-20 10:00:00,Madurai,32.4,96.33
2024-02-20 11:00:00,Salem,31.5,78.37
2024-02-20 12:00:00,Coimbatore,29.5,80.11
2024-02-20 13:00:00,Salem,33.3,98.42
2024-02-20 14:00:00,Chennai,33.1,104.92
2024-02-20 15:00:00,Chennai,29.7,87.29
2024-02-20 16:00:00,Madurai,28.7,93.03
2024-02-20 17:00:00,Madurai,26.7,75.41
2024-02-20 18:00:00,Salem,26.0,65.4
2024-02-20 19:00:00,Coimbatore,23.5,57.72
2024-02-20 20:00:00,Madurai,24.4,56.77
2024-02-20 21:00:00,Madurai,26.3,56.85
2024-02-20 22:00:00,Salem,22.3,49.56
2024-02-20 23:00:00,Madurai,23.5,48.64
2024-02-21 00:00:00,Coimbatore,18.9,38.29
2024-02-21 01:00:00,Salem,20.0,35.82
2024-02-21 02:00:00,Chennai,24.2,43.64
2024-02-21 03:00:00,Salem,22.7,42.5
2024-02-21 04:00:00,Chennai,23.8,49.13
2024-02-21 05:00:00,Coimbatore,23.5,47.25
2024-02-21 06:00:00,Salem,26.0,47.84
2024-02-21 07:00:00,Madurai,28.5,65.12
2024-02-21 08:00:00,Salem,27.5,67.99
2024-02-21 09:00:00,Madurai,30.4,82.89
2024-02-21 10:00:00,Madurai,31.6,84.46
2024-02-21 11:00:00,Coimbatore,29.9,85.82
2024-02-21 12:00:00,Chennai,34.2,116.78
2024-02-21 13:00:00,Chennai,34.6,115.32
2024-02-21 14:00:00,Coimbatore,29.0,80.45
2024-02-21 15:00:00,Chennai,31.5,98.75
2024-02-21 16:00:00,Madurai,30.5,92.92
2024-02-21 17:00:00,Salem,28.0,77.18
2024-02-21 18:00:00,Salem,25.5,60.89
2024-02-21 19:00:00,Coimbatore,24.7,58.49
2024-02-21 20:00:00,Salem,24.7,53.4
2024-02-21 21:00:00,Salem,24.0,47.62
2024-02-21 22:00:00,Salem,23.8,40.54
2024-02-21 23:00:00,Coimbatore,19.1,39.14
2024-02-22 00:00:00,Coimbatore,20.1,40.52
2024-02-22 01:00:00,Salem,21.2,38.35
2024-02-22 02:00:00,Chennai,24.1,49.24
2024-02-22 03:00:00,Coimbatore,20.7,46.27
2024-02-22 04:00:00,Chennai,24.3,51.91
2024-02-22 05:00:00,Salem,24.9,53.49
2024-02-22 06:00:00,Madurai,26.6,65.49
2024-02-22 07:00:00,Chennai,29.9,95.85
2024-02-22 08:00:00,Chennai,30.1,82.26
2024-02-22 09:00:00,Madurai,29.8,81.45
2024-02-22 10:00:00,Madurai,32.2,96.02
2024-02-22 11:00:00,Salem,31.1,87.08
2024-02-22 12:00:00,Coimbatore,30.7,94.9
2024-02-22 13:00:00,Salem,33.5,91.57
2024-02-22 14:00:00,Coimbatore,29.7,87.34
2024-02-22 15:00:00,Salem,30.2,87.21
2024-02-22 16:00:00,Chennai,29.8,94.94
2024-02-22 17:00:00,Chennai,28.3,81.81
2024-02-22 18:00:00,Chennai,30.5,95.89
2024-02-22 19:00:00,Coimbatore,22.7,61.04
2024-02-22 20:00:00,Salem,22.3,52.36
2024-02-22 21:00:00,Chennai,25.0,61.42
2024-02-22 22:00:00,Coimbatore,20.6,43.98
2024-02-22 23:00:00,Chennai,22.6,49.31
2024-02-23 00:00:00,Salem,20.7,35.56
2024-02-23 01:00:00,Madurai,24.3,41.6
2024-02-23 02:00:00,Salem,20.8,31.62
2024-02-23 03:00:00,Madurai,22.4,40.2
2024-02-23 04:00:00,Madurai,26.2,51.53
2024-02-23 05:00:00,Salem,25.4,49.49
2024-02-23 06:00:00,Chennai,27.9,72.37
2024-02-23 07:00:00,Salem,25.5,57.55
2024-02-23 08:00:00,Madurai,29.2,81.16
2024-02-23 09:00:00,Madurai,31.1,85.86
2024-02-23 10:00:00,Coimbatore,30.8,90.72
2024-02-23 11:00:00,Salem,29.7,79.94
2024-02-23 12:00:00,Coimbatore,30.0,83.12
2024-02-23 13:00:00,Chennai,34.2,110.41
2024-02-23 14:00:00,Salem,27.6,67.66
2024-02-23 15:00:00,Chennai,33.4,101.64
2024-02-23 16:00:00,Chennai,29.7,95.73
2024-02-23 17:00:00,Madurai,29.3,76.9
2024-02-23 18:00:00,Chennai,28.9,89.61
2024-02-23 19:00:00,Salem,26.1,66.88
2024-02-23 20:00:00,Coimbatore,23.3,50.48
2024-02-23 21:00:00,Chennai,22.2,58.57
2024-02-23 22:00:00,Salem,20.8,45.55
2024-02-23 23:00:00,Madurai,22.9,42.76
2024-02-24 00:00:00,Coimbatore,19.9,38.47
2024-02-24 01:00:00,Madurai,23.4,37.83
2024-02-24 02:00:00,Madurai,24.3,41.06
2024-02-24 03:00:00,Chennai,25.9,52.28
2024-02-24 04:00:00,Salem,23.4,41.87
2024-02-24 05:00:00,Coimbatore,21.7,50.75
2024-02-24 06:00:00,Madurai,27.1,64.18
2024-02-24 07:00:00,Salem,28.0,59.6
2024-02-24 08:00:00,Madurai,28.9,73.86
2024-02-24 09:00:00,Madurai,32.0,92.82
2024-02-24 10:00:00,Coimbatore,30.6,91.6
2024-02-24 11:00:00,Chennai,33.6,107.07
2024-02-24 12:00:00,Coimbatore,26.5,72.11
2024-02-24 13:00:00,Salem,29.5,84.51
2024-02-24 14:00:00,Madurai,34.3,102.49
2024-02-24 15:00:00,Coimbatore,28.0,76.0
2024-02-24 16:00:00,Salem,26.3,65.09
2024-02-24 17:00:00,Salem,28.9,81.2
2024-02-24 18:00:00,Salem,26.2,54.34
2024-02-24 19:00:00,Coimbatore,25.2,63.15
2024-02-24 20:00:00,Madurai,25.5,59.9
2024-02-24 21:00:00,Madurai,24.7,53.0
2024-02-24 22:00:00,Coimbatore,21.3,49.84
2024-02-24 23:00:00,Coimbatore,21.2,36.77
2024-02-25 00:00:00,Chennai,26.5,50.28
2024-02-25 01:00:00,Coimbatore,21.6,34.99
2024-02-25 02:00:00,Madurai,21.5,43.67
2024-02-25 03:00:00,Salem,23.2,35.63
2024-02-25 04:00:00,Salem,25.1,37.72
2024-02-25 05:00:00,Chennai,28.9,68.34
2024-02-25 06:00:00,Madurai,27.2,70.37
2024-02-25 07:00:00,Chennai,31.4,87.86
2024-02-25 08:00:00,Madurai,31.3,87.68
2024-02-25 09:00:00,Coimbatore,31.8,84.56
2024-02-25 10:00:00,Coimbatore,28.6,75.18
2024-02-25 11:00:00,Madurai,31.9,101.76
2024-02-25 12:00:00,Coimbatore,29.9,83.78
2024-02-25 13:00:00,Salem,30.5,82.87
2024-02-25 14:00:00,Madurai,31.0,97.27
2024-02-25 15:00:00,Salem,26.4,67.51
2024-02-25 16:00:00,Madurai,29.7,84.43
2024-02-25 17:00:00,Coimbatore,27.0,71.53
2024-02-25 18:00:00,Salem,25.6,62.58
2024-02-25 19:00:00,Coimbatore,26.2,64.2
2024-02-25 20:00:00,Madurai,25.2,69.17
2024-02-25 21:00:00,Chennai,26.7,67.39
2024-02-25 22:00:00,Chennai,24.7,45.8
2024-02-25 23:00:00,Madurai,23.9,45.93
2024-02-26 00:00:00,Chennai,24.1,45.47
2024-02-26 01:00:00,Salem,23.1,33.68
2024-02-26 02:00:00,Salem,22.0,35.99
2024-02-26 03:00:00,Madurai,24.8,46.84
2024-02-26 04:00:00,Madurai,25.7,52.73
2024-02-26 05:00:00,Madurai,26.1,60.29
2024-02-26 06:00:00,Chennai,29.3,74.79
2024-02-26 07:00:00,Coimbatore,29.3,67.05
2024-02-26 08:00:00,Coimbatore,27.5,80.81
2024-02-26 09:00:00,Salem,30.3,75.94
2024-02-26 10:00:00,Chennai,34.6,107.42
2024-02-26 11:00:00,Coimbatore,31.5,82.79
2024-02-26 12:00:00,Coimbatore,30.3,86.28
2024-02-26 13:00:00,Chennai,30.7,93.55
2024-02-26 14:00:00,Chennai,33.7,104.75
2024-02-26 15:00:00,Coimbatore,26.1,75.62
2024-02-26 16:00:00,Chennai,33.0,104.25
2024-02-26 17:00:00,Chennai,30.3,94.32
2024-02-26 18:00:00,Coimbatore,26.5,60.37
2024-02-26 19:00:00,Chennai,26.4,81.15
2024-02-26 20:00:00,Madurai,23.4,52.19
2024-02-26 21:00:00,Chennai,25.6,68.64
2024-02-26 22:00:00,Coimbatore,20.9,47.16
2024-02-26 23:00:00,Coimbatore,19.9,41.93
2024-02-27 00:00:00,Salem,21.4,29.58
2024-02-27 01:00:00,Madurai,26.3,48.48
2024-02-27 02:00:00,Salem,23.0,33.13
2024-02-27 03:00:00,Coimbatore,23.1,39.51
2024-02-27 04:00:00,Coimbatore,23.8,41.5
2024-02-27 05:00:00,Coimbatore,25.8,43.72
2024-02-27 06:00:00,Salem,26.1,59.21
2024-02-27 07:00:00,Salem,25.2,55.4
2024-02-27 08:00:00,Salem,28.6,68.29
2024-02-27 09:00:00,Salem,30.8,78.16
2024-02-27 10:00:00,Madurai,31.0,91.94
2024-02-27 11:00:00,Madurai,32.5,93.4
2024-02-27 12:00:00,Salem,30.5,75.44
2024-02-27 13:00:00,Coimbatore,32.0,93.07
2024-02-27 14:00:00,Coimbatore,30.6,88.68
2024-02-27 15:00:00,Salem,30.7,83.36
2024-02-27 16:00:00,Coimbatore,28.6,73.69
2024-02-27 17:00:00,Chennai,30.1,91.77
2024-02-27 18:00:00,Madurai,28.1,71.72
2024-02-27 19:00:00,Coimbatore,22.6,52.01
2024-02-27 20:00:00,Salem,21.2,46.96
2024-02-27 21:00:00,Salem,23.0,48.78
2024-02-27 22:00:00,Coimbatore,21.4,41.62
2024-02-27 23:00:00,Madurai,24.5,44.43
2024-02-28 00:00:00,Salem,23.3,40.82
2024-02-28 01:00:00,Madurai,24.9,44.8
2024-02-28 02:00:00,Chennai,23.4,48.37
2024-02-28 03:00:00,Madurai,23.9,42.91
2024-02-28 04:00:00,Madurai,26.0,51.51
2024-02-28 05:00:00,Madurai,29.6,60.29
2024-02-28 06:00:00,Chennai,30.7,85.32
2024-02-28 07:00:00,Coimbatore,28.0,68.48
2024-02-28 08:00:00,Salem,28.4,68.88
2024-02-28 09:00:00,Chennai,31.4,93.78
2024-02-28 10:00:00,Coimbatore,30.7,87.49
2024-02-28 11:00:00,Coimbatore,28.9,74.24
2024-02-28 12:00:00,Chennai,33.6,104.02
2024-02-28 13:00:00,Chennai,33.6,102.02
2024-02-28 14:00:00,Coimbatore,31.6,96.89
2024-02-28 15:00:00,Salem,29.5,83.82
2024-02-28 16:00:00,Chennai,28.5,79.15
2024-02-28 17:00:00,Coimbatore,27.3,66.39
2024-02-28 18:00:00,Chennai,28.1,82.05
2024-02-28 19:00:00,Madurai,26.6,67.55
2024-02-28 20:00:00,Coimbatore,22.8,46.66
2024-02-28 21:00:00,Salem,22.5,53.18
2024-02-28 22:00:00,Madurai,24.5,50.93
2024-02-28 23:00:00,Salem,19.7,39.52
2024-02-29 00:00:00,Madurai,22.3,37.23
2024-02-29 01:00:00,Coimbatore,21.4,38.4
2024-02-29 02:00:00,Salem,21.4,33.49
2024-02-29 03:00:00,Coimbatore,20.0,38.26
2024-02-29 04:00:00,Salem,24.8,45.5
2024-02-29 05:00:00,Salem,26.5,45.6
2024-02-29 06:00:00,Madurai,27.9,73.87
2024-02-29 07:00:00,Madurai,26.9,68.9
2024-02-29 08:00:00,Coimbatore,28.8,78.0
2024-02-29 09:00:00,Salem,28.0,67.14
2024-02-29 10:00:00,Madurai,32.7,92.25
2024-02-29 11:00:00,Salem,30.2,77.97
2024-02-29 12:00:00,Coimbatore,29.1,82.98
2024-02-29 13:00:00,Salem,30.7,85.55
2024-02-29 14:00:00,Coimbatore,29.6,81.55
2024-02-29 15:00:00,Chennai,31.7,95.3
2024-02-29 16:00:00,Chennai,32.2,94.74
2024-02-29 17:00:00,Madurai,28.7,81.74
2024-02-29 18:00:00,Coimbatore,26.6,65.92
2024-02-29 19:00:00,Chennai,28.0,76.18
2024-02-29 20:00:00,Coimbatore,22.1,58.15
2024-02-29 21:00:00,Madurai,23.4,52.07
2024-02-29 22:00:00,Coimbatore,19.1,48.16
2024-02-29 23:00:00,Salem,22.0,35.49
2024-03-01 00:00:00,Salem,21.1,33.98
2024-03-01 01:00:00,Madurai,20.3,40.29
2024-03-01 02:00:00,Salem,21.5,28.22
2024-03-01 03:00:00,Coimbatore,20.9,45.11
2024-03-01 04:00:00,Chennai,28.4,66.04
2024-03-01 05:00:00,Chennai,25.7,64.54
2024-03-01 06:00:00,Salem,24.8,47.55
2024-03-01 07:00:00,Salem,29.1,67.55
2024-03-01 08:00:00,Madurai,32.1,84.96
2024-03-01 09:00:00,Chennai,31.7,100.23
2024-03-01 10:00:00,Coimbatore,29.1,80.67
2024-03-01 11:00:00,Chennai,34.6,110.16
2024-03-01 12:00:00,Chennai,31.2,104.13
2024-03-01 13:00:00,Chennai,31.6,104.79
2024-03-01 14:00:00,Madurai,32.0,99.15
2024-03-01 15:00:00,Chennai,34.4,102.31
2024-03-01 16:00:00,Salem,28.5,73.18
2024-03-01 17:00:00,Coimbatore,26.9,67.15
2024-03-01 18:00:00,Coimbatore,26.9,71.65
2024-03-01 19:00:00,Madurai,29.2,78.44
2024-03-01 20:00:00,Salem,23.3,44.4
2024-03-01 21:00:00,Coimbatore,22.0,46.65
2024-03-01 22:00:00,Chennai,26.9,56.38
2024-03-01 23:00:00,Chennai,22.4,49.41
2024-03-02 00:00:00,Salem,22.8,26.38
2024-03-02 01:00:00,Chennai,23.0,47.63
2024-03-02 02:00:00,Madurai,23.9,43.52
2024-03-02 03:00:00,Coimbatore,21.7,47.03
2024-03-02 04:00:00,Salem,22.9,43.89
2024-03-02 05:00:00,Chennai,26.6,62.75
2024-03-02 06:00:00,Salem,26.9,60.55
2024-03-02 07:00:00,Madurai,30.6,74.41
2024-03-02 08:00:00,Coimbatore,27.9,66.14
2024-03-02 09:00:00,Chennai,32.7,99.82
2024-03-02 10:00:00,Salem,31.6,76.79
2024-03-02 11:00:00,Coimbatore,29.2,81.27
2024-03-02 12:00:00,Coimbatore,31.5,85.58
2024-03-02 13:00:00,Coimbatore,31.4,89.93
2024-03-02 14:00:00,Chennai,36.5,111.17
2024-03-02 15:00:00,Coimbatore,28.7,81.45
2024-03-02 16:00:00,Chennai,31.0,96.04
2024-03-02 17:00:00,Chennai,31.3,100.85
2024-03-02 18:00:00,Coimbatore,26.6,67.81
2024-03-02 19:00:00,Chennai,27.1,72.96
2024-03-02 20:00:00,Coimbatore,22.6,50.97
2024-03-02 21:00:00,Salem,23.7,40.02
2024-03-02 22:00:00,Chennai,23.7,54.7
2024-03-02 23:00:00,Chennai,23.7,51.98
2024-03-03 00:00:00,Chennai,24.2,55.52
2024-03-03 01:00:00,Madurai,24.5,39.62
2024-03-03 02:00:00,Coimbatore,20.6,35.94
2024-03-03 03:00:00,Coimbatore,19.9,37.09
2024-03-03 04:00:00,Chennai,24.3,54.31
2024-03-03 05:00:00,Coimbatore,22.8,47.64
2024-03-03 06:00:00,Coimbatore,24.1,50.11
2024-03-03 07:00:00,Coimbatore,26.7,66.87
2024-03-03 08:00:00,Madurai,29.2,76.68
2024-03-03 09:00:00,Salem,29.3,79.55
2024-03-03 10:00:00,Coimbatore,29.0,81.26
2024-03-03 11:00:00,Salem,30.9,84.81
2024-03-03 12:00:00,Madurai,34.7,103.64
2024-03-03 13:00:00,Coimbatore,31.3,98.91
2024-03-03 14:00:00,Chennai,33.5,102.62
2024-03-03 15:00:00,Coimbatore,28.6,80.63
2024-03-03 16:00:00,Madurai,30.1,85.08
2024-03-03 17:00:00,Chennai,30.8,100.79
2024-03-03 18:00:00,Salem,27.3,71.57
2024-03-03 19:00:00,Coimbatore,23.2,53.4
2024-03-03 20:00:00,Salem,24.2,52.65
2024-03-03 21:00:00,Madurai,22.2,53.43
2024-03-03 22:00:00,Coimbatore,21.6,41.01
2024-03-03 23:00:00,Chennai,25.2,56.49
2024-03-04 00:00:00,Madurai,22.9,41.56
2024-03-04 01:00:00,Coimbatore,23.0,36.37
2024-03-04 02:00:00,Chennai,23.8,46.84
2024-03-04 03:00:00,Salem,23.4,39.12
2024-03-04 04:00:00,Coimbatore,23.1,43.42
2024-03-04 05:00:00,Chennai,27.8,68.51
2024-03-04 06:00:00,Coimbatore,25.6,52.56
2024-03-04 07:00:00,Coimbatore,27.1,70.58
2024-03-04 08:00:00,Salem,30.2,71.15
2024-03-04 09:00:00,Madurai,33.4,97.44
2024-03-04 10:00:00,Chennai,33.5,102.22
2024-03-04 11:00:00,Chennai,35.0,117.01
2024-03-04 12:00:00,Madurai,32.3,93.6
2024-03-04 13:00:00,Chennai,34.9,107.78
2024-03-04 14:00:00,Coimbatore,29.1,77.92
2024-03-04 15:00:00,Chennai,34.0,108.01
2024-03-04 16:00:00,Chennai,34.3,101.03
2024-03-04 17:00:00,Salem,27.8,70.14
2024-03-04 18:00:00,Chennai,26.6,69.17
2024-03-04 19:00:00,Chennai,27.2,77.32
2024-03-04 20:00:00,Salem,25.7,53.4
2024-03-04 21:00:00,Chennai,26.3,58.81
2024-03-04 22:00:00,Salem,22.7,45.42
2024-03-04 23:00:00,Chennai,25.6,49.51
2024-03-05 00:00:00,Chennai,24.8,50.75
2024-03-05 01:00:00,Chennai,25.9,48.79
2024-03-05 02:00:00,Madurai,25.0,51.62
2024-03-05 03:00:00,Madurai,26.5,55.39
2024-03-05 04:00:00,Coimbatore,23.7,38.47
2024-03-05 05:00:00,Chennai,29.0,68.45
2024-03-05 06:00:00,Chennai,28.9,78.1
2024-03-05 07:00:00,Madurai,28.8,73.2
2024-03-05 08:00:00,Chennai,33.8,98.19
2024-03-05 09:00:00,Madurai,32.0,96.33
2024-03-05 10:00:00,Madurai,33.5,95.51
2024-03-05 11:00:00,Salem,31.7,87.78
2024-03-05 12:00:00,Coimbatore,30.0,88.68
2024-03-05 13:00:00,Chennai,34.1,111.4
2024-03-05 14:00:00,Coimbatore,31.8,89.81
2024-03-05 15:00:00,Salem,31.0,83.96
2024-03-05 16:00:00,Madurai,28.7,76.65
2024-03-05 17:00:00,Madurai,29.3,79.62
2024-03-05 18:00:00,Coimbatore,27.9,73.21
2024-03-05 19:00:00,Chennai,27.7,77.41
2024-03-05 20:00:00,Salem,22.1,50.26
2024-03-05 21:00:00,Salem,25.5,54.36
2024-03-05 22:00:00,Salem,23.2,36.33
2024-03-05 23:00:00,Salem,21.8,36.68
2024-03-06 00:00:00,Coimbatore,20.4,35.75
2024-03-06 01:00:00,Coimbatore,22.3,32.69
2024-03-06 02:00:00,Chennai,24.3,53.7
2024-03-06 03:00:00,Salem,24.7,43.27
2024-03-06 04:00:00,Madurai,26.5,56.66
2024-03-06 05:00:00,Coimbatore,24.8,55.85
2024-03-06 06:00:00,Salem,27.0,51.61
2024-03-06 07:00:00,Madurai,29.4,76.13
2024-03-06 08:00:00,Salem,30.6,78.1
2024-03-06 09:00:00,Salem,29.3,71.95
2024-03-06 10:00:00,Chennai,31.7,98.94
2024-03-06 11:00:00,Coimbatore,31.4,84.03
2024-03-06 12:00:00,Madurai,34.1,105.74
2024-03-06 13:00:00,Salem,32.2,94.31
2024-03-06 14:00:00,Chennai,34.1,108.89
2024-03-06 15:00:00,Coimbatore,29.0,73.31
2024-03-06 16:00:00,Madurai,31.8,89.66
2024-03-06 17:00:00,Salem,28.1,75.27
2024-03-06 18:00:00,Chennai,28.7,84.58
2024-03-06 19:00:00,Madurai,26.6,58.66
2024-03-06 20:00:00,Coimbatore,25.7,62.37
2024-03-06 21:00:00,Chennai,23.7,57.95
2024-03-06 22:00:00,Madurai,24.6,46.72
2024-03-06 23:00:00,Coimbatore,19.0,43.6
2024-03-07 00:00:00,Madurai,23.2,37.29
2024-03-07 01:00:00,Coimbatore,20.5,32.76
2024-03-07 02:00:00,Salem,20.0,36.44
2024-03-07 03:00:00,Chennai,26.3,63.88
2024-03-07 04:00:00,Salem,23.9,46.99
2024-03-07 05:00:00,Chennai,25.6,62.68
2024-03-07 06:00:00,Madurai,29.4,74.13
2024-03-07 07:00:00,Coimbatore,28.9,72.73
2024-03-07 08:00:00,Coimbatore,30.2,72.32
2024-03-07 09:00:00,Chennai,33.3,102.98
2024-03-07 10:00:00,Madurai,32.8,93.33
2024-03-07 11:00:00,Chennai,35.8,113.81
2024-03-07 12:00:00,Madurai,35.4,106.23
2024-03-07 13:00:00,Madurai,34.6,106.77
2024-03-07 14:00:00,Salem,30.1,83.48
2024-03-07 15:00:00,Madurai,32.2,83.67
2024-03-07 16:00:00,Coimbatore,28.9,79.96
2024-03-07 17:00:00,Madurai,27.5,80.66
2024-03-07 18:00:00,Salem,27.4,70.12
2024-03-07 19:00:00,Coimbatore,27.3,66.27
2024-03-07 20:00:00,Chennai,27.6,80.05
2024-03-07 21:00:00,Salem,25.1,50.17
2024-03-07 22:00:00,Chennai,25.3,58.99
2024-03-07 23:00:00,Madurai,23.5,48.8
2024-03-08 00:00:00,Chennai,24.9,49.33
2024-03-08 01:00:00,Chennai,23.6,41.92
2024-03-08 02:00:00,Salem,21.5,25.26
2024-03-08 03:00:00,Chennai,27.4,58.36
2024-03-08 04:00:00,Madurai,27.6,62.06
2024-03-08 05:00:00,Madurai,26.0,56.11
2024-03-08 06:00:00,Chennai,30.6,84.33
2024-03-08 07:00:00,Chennai,30.6,85.6
2024-03-08 08:00:00,Salem,29.8,79.22
2024-03-08 09:00:00,Madurai,32.5,91.66
2024-03-08 10:00:00,Chennai,35.0,110.17
2024-03-08 11:00:00,Salem,31.9,90.08
2024-03-08 12:00:00,Coimbatore,32.6,99.18
2024-03-08 13:00:00,Chennai,34.6,102.94
2024-03-08 14:00:00,Salem,32.0,87.25
2024-03-08 15:00:00,Chennai,32.0,103.71
2024-03-08 16:00:00,Madurai,33.5,105.15
2024-03-08 17:00:00,Salem,28.8,76.21
2024-03-08 18:00:00,Madurai,29.3,80.25
2024-03-08 19:00:00,Madurai,25.2,67.99
2024-03-08 20:00:00,Coimbatore,22.5,55.43
2024-03-08 21:00:00,Chennai,27.4,66.84
2024-03-08 22:00:00,Madurai,24.5,51.0
2024-03-08 23:00:00,Salem,19.8,42.34
2024-03-09 00:00:00,Chennai,25.8,58.32
2024-03-09 01:00:00,Salem,21.5,36.48
2024-03-09 02:00:00,Coimbatore,23.4,37.19
2024-03-09 03:00:00,Madurai,24.9,47.06
2024-03-09 04:00:00,Chennai,27.3,65.29
2024-03-09 05:00:00,Madurai,28.6,65.38
2024-03-09 06:00:00,Chennai,28.4,74.84
2024-03-09 07:00:00,Coimbatore,26.1,56.37
2024-03-09 08:00:00,Madurai,30.8,89.46
2024-03-09 09:00:00,Chennai,34.0,98.08
2024-03-09 10:00:00,Coimbatore,28.7,76.41
2024-03-09 11:00:00,Madurai,31.3,93.52
2024-03-09 12:00:00,Chennai,35.5,120.42
2024-03-09 13:00:00,Coimbatore,30.1,83.67
2024-03-09 14:00:00,Coimbatore,29.9,81.7
2024-03-09 15:00:00,Madurai,29.8,86.07
2024-03-09 16:00:00,Salem,28.7,83.24
2024-03-09 17:00:00,Salem,28.3,62.4
2024-03-09 18:00:00,Chennai,30.6,86.57
2024-03-09 19:00:00,Chennai,27.3,87.6
2024-03-09 20:00:00,Chennai,29.0,80.32
2024-03-09 21:00:00,Madurai,24.1,48.3
2024-03-09 22:00:00,Chennai,24.4,54.19
2024-03-09 23:00:00,Chennai,26.5,57.89
2024-03-10 00:00:00,Salem,22.3,36.38
2024-03-10 01:00:00,Salem,21.6,40.87
2024-03-10 02:00:00,Salem,22.6,36.56
2024-03-10 03:00:00,Coimbatore,24.2,37.87
2024-03-10 04:00:00,Madurai,27.8,62.81
2024-03-10 05:00:00,Madurai,26.3,55.68
2024-03-10 06:00:00,Chennai,29.5,73.47
2024-03-10 07:00:00,Madurai,30.0,71.05
2024-03-10 08:00:00,Madurai,29.9,75.13
2024-03-10 09:00:00,Coimbatore,29.5,74.66
2024-03-10 10:00:00,Salem,31.4,80.07
2024-03-10 11:00:00,Madurai,34.8,105.59
2024-03-10 12:00:00,Madurai,35.0,101.06
2024-03-10 13:00:00,Madurai,33.0,87.07
2024-03-10 14:00:00,Salem,31.1,82.03
2024-03-10 15:00:00,Madurai,32.9,96.31
2024-03-10 16:00:00,Coimbatore,27.9,73.62
2024-03-10 17:00:00,Salem,29.1,82.29
2024-03-10 18:00:00,Madurai,28.5,76.41
2024-03-10 19:00:00,Salem,24.6,59.56
2024-03-10 20:00:00,Chennai,25.9,67.96
2024-03-10 21:00:00,Coimbatore,24.3,48.19
2024-03-10 22:00:00,Salem,22.6,37.73
2024-03-10 23:00:00,Madurai,25.7,49.83
2024-03-11 00:00:00,Salem,21.5,29.94
2024-03-11 01:00:00,Chennai,25.2,50.03
2024-03-11 02:00:00,Chennai,28.2,59.5
2024-03-11 03:00:00,Salem,22.3,33.61
2024-03-11 04:00:00,Coimbatore,21.4,46.47
2024-03-11 05:00:00,Madurai,28.9,68.51
2024-03-11 06:00:00,Coimbatore,25.1,51.73
2024-03-11 07:00:00,Coimbatore,27.4,65.35
2024-03-11 08:00:00,Salem,28.9,70.86
2024-03-11 09:00:00,Chennai,33.5,97.57
2024-03-11 10:00:00,Salem,30.3,81.54
2024-03-11 11:00:00,Salem,31.7,84.93
2024-03-11 12:00:00,Madurai,34.2,99.52
2024-03-11 13:00:00,Coimbatore,29.8,77.91
2024-03-11 14:00:00,Chennai,33.1,103.17
2024-03-11 15:00:00,Madurai,31.8,96.95
2024-03-11 16:00:00,Coimbatore,26.9,70.07
2024-03-11 17:00:00,Chennai,30.4,102.45
2024-03-11 18:00:00,Coimbatore,26.3,70.36
2024-03-11 19:00:00,Salem,25.4,63.82
2024-03-11 20:00:00,Coimbatore,23.3,55.14
2024-03-11 21:00:00,Chennai,26.1,71.53
2024-03-11 22:00:00,Madurai,23.5,44.93
2024-03-11 23:00:00,Chennai,25.6,44.5
2024-03-12 00:00:00,Salem,23.9,31.22
2024-03-12 01:00:00,Salem,21.8,35.74
2024-03-12 02:00:00,Salem,23.5,35.62
2024-03-12 03:00:00,Salem,23.4,38.5
2024-03-12 04:00:00,Chennai,27.6,69.3
2024-03-12 05:00:00,Chennai,30.3,77.81
2024-03-12 06:00:00,Coimbatore,26.8,62.16
2024-03-12 07:00:00,Coimbatore,25.4,54.61
2024-03-12 08:00:00,Salem,30.2,70.97
2024-03-12 09:00:00,Madurai,33.7,103.14
2024-03-12 10:00:00,Madurai,32.8,96.67
2024-03-12 11:00:00,Salem,33.2,89.72
2024-03-12 12:00:00,Madurai,32.9,96.65
2024-03-12 13:00:00,Coimbatore,29.2,79.89
2024-03-12 14:00:00,Coimbatore,30.7,84.09
2024-03-12 15:00:00,Madurai,30.1,84.11
2024-03-12 16:00:00,Chennai,31.9,92.84
2024-03-12 17:00:00,Madurai,31.5,90.11
2024-03-12 18:00:00,Madurai,26.4,69.77
2024-03-12 19:00:00,Madurai,25.9,71.63
2024-03-12 20:00:00,Madurai,25.0,61.33
2024-03-12 21:00:00,Salem,23.6,46.46
2024-03-12 22:00:00,Salem,22.4,38.1
2024-03-12 23:00:00,Madurai,25.5,48.94
2024-03-13 00:00:00,Coimbatore,22.4,36.44
2024-03-13 01:00:00,Chennai,25.5,53.18
2024-03-13 02:00:00,Salem,23.1,34.63
2024-03-13 03:00:00,Salem,24.2,42.35
2024-03-13 04:00:00,Madurai,25.2,51.37
2024-03-13 05:00:00,Salem,27.0,56.89
2024-03-13 06:00:00,Salem,25.9,52.12
2024-03-13 07:00:00,Salem,29.6,62.56
2024-03-13 08:00:00,Madurai,32.7,91.43
2024-03-13 09:00:00,Chennai,33.6,104.27
2024-03-13 10:00:00,Chennai,33.9,107.08
2024-03-13 11:00:00,Chennai,35.1,111.98
2024-03-13 12:00:00,Coimbatore,27.8,76.42
2024-03-13 13:00:00,Madurai,34.0,99.62
2024-03-13 14:00:00,Coimbatore,30.5,88.49
2024-03-13 15:00:00,Chennai,33.2,105.86
2024-03-13 16:00:00,Chennai,33.1,100.44
2024-03-13 17:00:00,Salem,28.5,78.73
2024-03-13 18:00:00,Salem,25.9,60.01
2024-03-13 19:00:00,Coimbatore,24.8,56.34
2024-03-13 20:00:00,Salem,24.8,59.07
2024-03-13 21:00:00,Madurai,25.4,60.36
2024-03-13 22:00:00,Salem,23.1,39.64
2024-03-13 23:00:00,Salem,23.7,38.77
2024-03-14 00:00:00,Madurai,22.5,40.62
2024-03-14 01:00:00,Coimbatore,21.7,24.53
2024-03-14 02:00:00,Madurai,26.0,44.78
2024-03-14 03:00:00,Coimbatore,20.7,39.19
2024-03-14 04:00:00,Coimbatore,24.0,41.07
2024-03-14 05:00:00,Madurai,26.8,61.07
2024-03-14 06:00:00,Madurai,28.4,73.6
2024-03-14 07:00:00,Madurai,29.0,73.6
2024-03-14 08:00:00,Coimbatore,28.6,68.0
2024-03-14 09:00:00,Coimbatore,32.1,87.86
2024-03-14 10:00:00,Chennai,32.6,99.31
2024-03-14 11:00:00,Madurai,32.3,95.71
2024-03-14 12:00:00,Madurai,32.3,96.05
2024-03-14 13:00:00,Salem,34.2,105.45
2024-03-14 14:00:00,Madurai,32.6,89.04
2024-03-14 15:00:00,Coimbatore,29.8,81.72
2024-03-14 16:00:00,Chennai,31.8,98.51
2024-03-14 17:00:00,Chennai,30.0,87.97
2024-03-14 18:00:00,Coimbatore,26.0,69.46
2024-03-14 19:00:00,Coimbatore,28.0,72.17
2024-03-14 20:00:00,Coimbatore,25.5,56.57
2024-03-14 21:00:00,Coimbatore,21.8,46.32
2024-03-14 22:00:00,Salem,23.8,40.63
2024-03-14 23:00:00,Chennai,24.0,49.2
2024-03-15 00:00:00,Coimbatore,19.3,34.69
2024-03-15 01:00:00,Chennai,26.3,52.12
2024-03-15 02:00:00,Coimbatore,23.5,38.02
2024-03-15 03:00:00,Madurai,26.6,55.73
2024-03-15 04:00:00,Chennai,26.8,56.54
2024-03-15 05:00:00,Coimbatore,24.9,44.8
2024-03-15 06:00:00,Chennai,30.8,74.77
2024-03-15 07:00:00,Salem,29.2,71.99
2024-03-15 08:00:00,Madurai,30.9,85.59
2024-03-15 09:00:00,Chennai,31.5,96.67
2024-03-15 10:00:00,Chennai,34.4,100.66
2024-03-15 11:00:00,Chennai,36.0,120.31
2024-03-15 12:00:00,Coimbatore,30.0,82.42
2024-03-15 13:00:00,Salem,33.0,93.32
2024-03-15 14:00:00,Madurai,33.6,104.62
2024-03-15 15:00:00,Salem,31.8,83.73
2024-03-15 16:00:00,Coimbatore,29.9,80.26
2024-03-15 17:00:00,Coimbatore,26.9,71.89
2024-03-15 18:00:00,Coimbatore,24.5,72.49
2024-03-15 19:00:00,Chennai,28.0,80.12
2024-03-15 20:00:00,Salem,26.0,62.79
2024-03-15 21:00:00,Chennai,25.7,67.66
2024-03-15 22:00:00,Coimbatore,21.2,44.55
2024-03-15 23:00:00,Madurai,21.9,40.67
2024-03-16 00:00:00,Chennai,27.1,59.16
2024-03-16 01:00:00,Coimbatore,22.6,29.52
2024-03-16 02:00:00,Coimbatore,23.1,43.41
2024-03-16 03:00:00,Coimbatore,24.1,40.51
2024-03-16 04:00:00,Chennai,28.2,55.34
2024-03-16 05:00:00,Chennai,28.4,68.84
2024-03-16 06:00:00,Chennai,29.8,81.18
2024-03-16 07:00:00,Coimbatore,27.2,63.18
2024-03-16 08:00:00,Chennai,35.6,107.49
2024-03-16 09:00:00,Salem,31.7,79.89
2024-03-16 10:00:00,Chennai,33.7,98.92
2024-03-16 11:00:00,Madurai,34.4,102.77
2024-03-16 12:00:00,Madurai,32.7,98.62
2024-03-16 13:00:00,Coimbatore,33.1,93.57
2024-03-16 14:00:00,Salem,31.0,90.79
2024-03-16 15:00:00,Chennai,34.1,103.64
2024-03-16 16:00:00,Chennai,33.7,105.86
2024-03-16 17:00:00,Coimbatore,28.2,75.6
2024-03-16 18:00:00,Chennai,30.1,82.75
2024-03-16 19:00:00,Coimbatore,25.2,54.68
2024-03-16 20:00:00,Coimbatore,23.9,52.01
2024-03-16 21:00:00,Salem,23.2,53.33
2024-03-16 22:00:00,Coimbatore,21.6,45.39
2024-03-16 23:00:00,Salem,24.4,32.0
2024-03-17 00:00:00,Salem,22.4,20.56
2024-03-17 01:00:00,Salem,21.8,36.44
2024-03-17 02:00:00,Chennai,25.1,50.14
2024-03-17 03:00:00,Salem,25.3,46.12
2024-03-17 04:00:00,Madurai,27.3,54.54
2024-03-17 05:00:00,Salem,26.9,54.8
2024-03-17 06:00:00,Coimbatore,26.2,60.43
2024-03-17 07:00:00,Salem,29.5,67.7
2024-03-17 08:00:00,Madurai,30.8,82.57
2024-03-17 09:00:00,Chennai,33.3,100.51
2024-03-17 10:00:00,Coimbatore,32.0,90.87
2024-03-17 11:00:00,Chennai,35.9,112.8
2024-03-17 12:00:00,Salem,31.4,91.23
2024-03-17 13:00:00,Coimbatore,30.3,84.15
2024-03-17 14:00:00,Chennai,34.5,103.77
2024-03-17 15:00:00,Madurai,34.6,111.55
2024-03-17 16:00:00,Coimbatore,26.7,69.79
2024-03-17 17:00:00,Chennai,31.7,94.26
2024-03-17 18:00:00,Salem,25.9,63.28
2024-03-17 19:00:00,Salem,25.5,59.19
2024-03-17 20:00:00,Madurai,26.1,62.13
2024-03-17 21:00:00,Madurai,25.0,55.53
2024-03-17 22:00:00,Coimbatore,21.6,42.92
2024-03-17 23:00:00,Madurai,24.2,45.96
2024-03-18 00:00:00,Madurai,23.5,30.57
2024-03-18 01:00:00,Chennai,23.5,53.03
2024-03-18 02:00:00,Chennai,26.7,55.06
2024-03-18 03:00:00,Coimbatore,24.0,41.72
2024-03-18 04:00:00,Coimbatore,25.1,40.51
2024-03-18 05:00:00,Chennai,27.0,63.83
2024-03-18 06:00:00,Chennai,30.5,78.11
2024-03-18 07:00:00,Salem,29.7,76.0
2024-03-18 08:00:00,Coimbatore,27.9,67.65
2024-03-18 09:00:00,Madurai,32.6,96.2
2024-03-18 10:00:00,Madurai,33.3,95.26
2024-03-18 11:00:00,Madurai,36.1,106.68
2024-03-18 12:00:00,Madurai,36.4,109.36
2024-03-18 13:00:00,Coimbatore,29.4,88.26
2024-03-18 14:00:00,Salem,34.9,90.8
2024-03-18 15:00:00,Coimbatore,29.0,75.46
2024-03-18 16:00:00,Salem,31.3,77.14
2024-03-18 17:00:00,Coimbatore,29.1,73.86
2024-03-18 18:00:00,Chennai,28.9,81.89
2024-03-18 19:00:00,Salem,26.9,56.94
2024-03-18 20:00:00,Chennai,27.5,70.22
2024-03-18 21:00:00,Salem,24.7,39.58
2024-03-18 22:00:00,Chennai,26.0,55.4
2024-03-18 23:00:00,Chennai,26.7,63.06
2024-03-19 00:00:00,Madurai,24.3,42.57
2024-03-19 01:00:00,Salem,22.6,34.26
2024-03-19 02:00:00,Coimbatore,23.6,33.0
2024-03-19 03:00:00,Chennai,27.3,53.81
2024-03-19 04:00:00,Chennai,28.5,62.34
2024-03-19 05:00:00,Salem,25.6,49.07
2024-03-19 06:00:00,Madurai,27.9,70.95
2024-03-19 07:00:00,Chennai,30.8,89.26
2024-03-19 08:00:00,Coimbatore,28.4,74.11
2024-03-19 09:00:00,Coimbatore,31.1,80.42
2024-03-19 10:00:00,Chennai,35.7,110.64
2024-03-19 11:00:00,Salem,32.3,88.05
2024-03-19 12:00:00,Madurai,35.9,107.93
2024-03-19 13:00:00,Chennai,36.6,124.31
2024-03-19 14:00:00,Madurai,33.8,94.8
2024-03-19 15:00:00,Coimbatore,29.2,80.42
2024-03-19 16:00:00,Chennai,34.6,112.33
2024-03-19 17:00:00,Coimbatore,27.9,68.51
2024-03-19 18:00:00,Chennai,30.3,87.04
2024-03-19 19:00:00,Chennai,28.5,78.4
2024-03-19 20:00:00,Salem,24.1,49.39
2024-03-19 21:00:00,Madurai,23.9,46.02
2024-03-19 22:00:00,Chennai,26.6,63.78
2024-03-19 23:00:00,Salem,21.9,40.29
2024-03-20 00:00:00,Madurai,27.9,54.51
2024-03-20 01:00:00,Salem,21.6,30.03
2024-03-20 02:00:00,Madurai,23.4,42.36
2024-03-20 03:00:00,Coimbatore,23.8,35.8
2024-03-20 04:00:00,Madurai,28.6,60.89
2024-03-20 05:00:00,Madurai,28.0,72.53
2024-03-20 06:00:00,Madurai,29.9,74.26
2024-03-20 07:00:00,Chennai,29.3,76.1
2024-03-20 08:00:00,Coimbatore,28.4,72.31
2024-03-20 09:00:00,Chennai,32.5,92.44
2024-03-20 10:00:00,Coimbatore,28.8,73.67
2024-03-20 11:00:00,Chennai,35.2,106.45
2024-03-20 12:00:00,Chennai,32.5,101.08
2024-03-20 13:00:00,Salem,31.0,89.99
2024-03-20 14:00:00,Chennai,33.9,109.48
2024-03-20 15:00:00,Salem,30.3,84.97
2024-03-20 16:00:00,Chennai,33.2,98.61
2024-03-20 17:00:00,Salem,29.4,75.0
2024-03-20 18:00:00,Coimbatore,27.8,72.71
2024-03-20 19:00:00,Madurai,28.8,73.96
2024-03-20 20:00:00,Coimbatore,25.6,55.97
2024-03-20 21:00:00,Coimbatore,23.2,49.17
2024-03-20 22:00:00,Coimbatore,22.8,41.68
2024-03-20 23:00:00,Madurai,25.0,48.73
2024-03-21 00:00:00,Coimbatore,22.0,41.37
2024-03-21 01:00:00,Madurai,24.0,39.82
2024-03-21 02:00:00,Salem,23.1,39.73
2024-03-21 03:00:00,Coimbatore,22.3,41.63
2024-03-21 04:00:00,Coimbatore,24.8,39.19
2024-03-21 05:00:00,Chennai,28.9,67.39
2024-03-21 06:00:00,Coimbatore,26.0,53.07
2024-03-21 07:00:00,Chennai,30.8,82.23
2024-03-21 08:00:00,Chennai,31.3,90.51
2024-03-21 09:00:00,Salem,32.5,88.3
2024-03-21 10:00:00,Chennai,34.7,112.36
2024-03-21 11:00:00,Coimbatore,30.6,87.13
2024-03-21 12:00:00,Salem,33.8,93.23
2024-03-21 13:00:00,Salem,32.0,81.11
2024-03-21 14:00:00,Chennai,32.9,104.25
2024-03-21 15:00:00,Chennai,35.1,110.34
2024-03-21 16:00:00,Coimbatore,28.7,79.34
2024-03-21 17:00:00,Madurai,30.1,94.83
2024-03-21 18:00:00,Salem,27.8,74.58
2024-03-21 19:00:00,Chennai,30.4,89.74
2024-03-21 20:00:00,Chennai,27.8,70.27
2024-03-21 21:00:00,Coimbatore,21.8,45.35
2024-03-21 22:00:00,Salem,24.1,41.02
2024-03-21 23:00:00,Chennai,24.9,49.4
2024-03-22 00:00:00,Coimbatore,24.1,37.32
2024-03-22 01:00:00,Chennai,25.5,51.74
2024-03-22 02:00:00,Chennai,23.4,42.66
2024-03-22 03:00:00,Salem,24.8,44.74
2024-03-22 04:00:00,Chennai,30.2,72.75
2024-03-22 05:00:00,Coimbatore,27.5,50.4
2024-03-22 06:00:00,Salem,30.1,67.32
2024-03-22 07:00:00,Madurai,29.4,77.29
2024-03-22 08:00:00,Chennai,34.0,103.4
2024-03-22 09:00:00,Coimbatore,29.5,76.9
2024-03-22 10:00:00,Salem,32.5,91.61
2024-03-22 11:00:00,Coimbatore,30.2,85.36
2024-03-22 12:00:00,Madurai,33.6,96.12
2024-03-22 13:00:00,Madurai,33.4,95.26
2024-03-22 14:00:00,Madurai,34.8,109.53
2024-03-22 15:00:00,Chennai,34.9,114.38
2024-03-22 16:00:00,Salem,30.7,84.3
2024-03-22 17:00:00,Salem,27.5,77.07
2024-03-22 18:00:00,Chennai,30.0,92.89
2024-03-22 19:00:00,Salem,25.7,62.29
2024-03-22 20:00:00,Salem,26.4,53.99
2024-03-22 21:00:00,Madurai,27.2,69.57
2024-03-22 22:00:00,Coimbatore,23.8,45.22
2024-03-22 23:00:00,Coimbatore,21.1,38.08
2024-03-23 00:00:00,Salem,19.6,30.33
2024-03-23 01:00:00,Chennai,23.5,46.54
2024-03-23 02:00:00,Salem,25.3,32.49
2024-03-23 03:00:00,Salem,23.9,40.19
2024-03-23 04:00:00,Madurai,26.0,50.09
2024-03-23 05:00:00,Coimbatore,27.6,59.12
2024-03-23 06:00:00,Madurai,31.0,75.31
2024-03-23 07:00:00,Chennai,31.8,87.79
2024-03-23 08:00:00,Salem,30.1,72.0
2024-03-23 09:00:00,Coimbatore,30.3,80.16
2024-03-23 10:00:00,Chennai,35.0,115.86
2024-03-23 11:00:00,Salem,34.7,102.55
2024-03-23 12:00:00,Madurai,34.9,106.96
2024-03-23 13:00:00,Madurai,35.1,106.26
2024-03-23 14:00:00,Chennai,36.2,117.9
2024-03-23 15:00:00,Salem,30.1,86.76
2024-03-23 16:00:00,Madurai,32.8,93.41
2024-03-23 17:00:00,Salem,28.9,75.26
2024-03-23 18:00:00,Salem,24.9,53.05
2024-03-23 19:00:00,Chennai,26.6,78.93
2024-03-23 20:00:00,Chennai,26.7,78.86
2024-03-23 21:00:00,Salem,25.0,48.92
2024-03-23 22:00:00,Madurai,25.2,43.41
2024-03-23 23:00:00,Coimbatore,22.3,42.06
2024-03-24 00:00:00,Coimbatore,24.3,32.34
2024-03-24 01:00:00,Madurai,23.1,37.86
2024-03-24 02:00:00,Salem,23.6,37.52
2024-03-24 03:00:00,Chennai,27.3,60.97
2024-03-24 04:00:00,Madurai,26.1,52.27
2024-03-24 05:00:00,Salem,26.7,50.16
2024-03-24 06:00:00,Coimbatore,25.1,54.02
2024-03-24 07:00:00,Coimbatore,30.0,71.45
